1456,口甜,口甘,脾胃实热,临床表现口中有甜味，干渴欲饮水；多食易饥.或唇舌生疮，大便干，小便黄，舌红苔黄，脉数有力。,辨证提要以口甜兼口干喜饮，便干尿黄，舌红苔黄；脉数有力为辨证要点,理法概要过食辛辣肥甘，滋生内热;或感受六淫邪热，蕴结脾胃，与谷气相搏，气蒸于口为其基本病机。,治宜清热泻火。,泻黄散加味,藿香:10克;栀子:10克;生石膏:20克;黄连:10克;防风:20克;甘草:10克;,TRUE
1457,口甜,口甘,气阴两虚,临床表现口中甜味，食欲不振，口干欲饮不多，神疲乏力.脘腹作胀，大便不调，舌干稍红、苔少，脉细弱。,辨证提要以口甜伴纳少神疲，舌红、少苔，脉细数为辨证要点。,理法概要年老或久病，伤及脾胃，气阴两虚，虚热内生，脾津受灼为其基本病机,治宜健脾和胃养阴。,益胃汤;四君子汤,沙参:10克;麦冬:10克;生地:10克;玉竹:10克;冰糖:10克;党参:10克;白术:10克;茯苓:10克;炙甘草:10克;,TRUE
1458,口臭,口中臭秽,脾胃积热,临床表现口气臭秽，口渴喜饮冷，口唇红赤，或有口糜口疮，牙痛龈肿，便秘溲黄，舌红苔黄.脉数有力.,辨证提要以口臭伴口渴饮冷，口舌生疮，便秘溲黄，苔黄为辨证要点。,理法概要外感内伤，化热化火，蕴积脾胃，气蒸于口为基本病机,治宜清泻脾胃积热。,清胃散加大黄、生石膏,黄连:10克;当归:10克;丹皮:10克;升麻:6克;生地:10克;大黄:6克;生石膏:30克;,TRUE
1459,口臭,口中臭秽,食滞肠胃,临床表现口气酸臭，脘腹满胀，嗳气频作，不思饮食.大便不调，矢气臭秽.舌苔厚腻，脉弦滑。,辨证提要以口气酸臭而有伤食病史，伴见嗳腐食臭，脘腹胀满，舌苔腐腻为辨证要点。,理法概要饮食失节，积滞不化，宿食壅塞肠胃，化腐化臭为其基本病机,治宜消积导滞通腑.,保和丸,山楂:15克;神曲:10克;茯苓:15克;半夏:10克;陈皮:10克;连翘:10克;炒莱菔子:10克;,TRUE
1460,口酸,口中酸味,脾虚木乘,临床表现口中觉酸，或伴呑酸呕苦，或嗳气太息，食少纳呆.食后腹胀，胃脘痞满，体倦乏力，大便溏薄，舌苔白；脉弦细。,辨证提要本证脾虚在先.肝木乘之于后.病本在脾；属虚实夹杂之证，以口酸伴食少腹胀，乏力便溏，嗳气太息，脉弦为辨证要点.,理法概要脾胃虚弱，土虚木乘为基本病机。,治宜扶土抑木，健脾和胃、兼以平肝.,六君子汤;左金丸,党参:10克;白术:10克;茯苓:15克;炙甘草:10克;半夏:10克;陈皮:10克;吴茱萸:3克;黄连:9克;,TRUE
1461,口苦,,肝火犯胃,临床表现口苦口干，心烦易怒.胃脘嘈杂.或胀痛走窜；嗳气太息.舌红苔黄，脉数,辨证提要以口苦口干.心烦易怒.脘痛嘈杂为辨证要点,理法概要肝气郁久化火犯胃为其基本病机.,治宜疏肝泄热和胃,丹栀逍遥散加减,丹皮:10克;栀子:10克;柴胡:10克;白芍:12克;当归:10克;薄荷:8克;生地:8克;茯苓:15克;甘草:5克;,TRUE
1462,口苦,,肝胆郁热,临床表现口苦咽干，心烦急躁，口干欲饮.头痛目赤.胁痛太息，便干溲黄，舌边尖红，苔薄黄，脉弦数.,辨证提要以口苦伴头痛目赤；心烦急躁.溲黄，舌红，脉弦数为辨证要点。,理法概要情志郁结或五志过极，化热化火，蕴郁肝胆.疏泄失职，胆气上溢为基本病机。,治宜清解肝胆郁热。,龙胆泻肝汤,龙胆草:6克;黄芩:10克;栀子:10克;泽泻:12克;木通:9克;车前子:10克;当归:5克;生地:10克;柴胡:6克;生甘草:6克;,TRUE
1463,口腻,口舌粘腻,脾胃湿热,临床表现口腻不爽，口气秽浊，口渴不欲饮，胸膈满闷或脘腹胀满，胃纳减退，大便垢滞，小便黄赤.舌红苔腻.脉濡数,辨证拢要以口腻伴口气秽浊，口渴不欲饮.大便粘滞；小便黄赤，舌红苔黄腻为辨证要点。,理法概要湿热中阻，脾胃气滞，湿热上蒸于口为甚本病机。,治以清热化湿；芳香醒脾,连朴饮加味,厚朴:10克;黄连:6克;石菖蒲:10克;半夏:10克;豆豉:10克;芦根:20克;藿香:10克;茯苓:15克;,TRUE
1464,口腻,口舌粘腻,寒湿困脾,临床表现口腻不渴，不思饮食，胃脘痞闷，倦怠乏力.大便溏薄，小便不利，舌体淡胖，苔腻水滑，脉濡缓。,辨证提要本证患者多素体脾胃虚寒，而以口腻不渴，不思饮食，大便溏，舌淡苔白，脉濡缓为辨证要点。,理法概要素体脾胃虚寒，湿从内生，脾阳被困，运化失司为基本病机。,治宜健脾化湿。,平胃散加味,苍术:15克;厚朴:10克;陈皮:10克;茯苓:15克;桂枝:6克;白术:10克;半夏:10克;炙甘草:5克;,TRUE
1465,口腻,口舌粘腻,痰热内结,临床表现口中粘腻，口渴不欲饮，胸膈满闷，心烦不宁，或咳痰黄稠粘滞，食少纳呆，小便短赤，舌红苔黄腻，脉滑数。,辨证提要本证以口中粘腻伴口渴不欲饮，咳吐黄痰不易咯出，胸膈满闷，心烦不宁，舌红苔黄腻，脉滑数为辨证要点.,理法概要脾虚不运，聚湿生痰.蕴郁化热，或气郁化火，炼津为痰，痰热阻滞为基本病机。,治宜清热化痰。,清气化痰丸,瓜蒌:10克;陈皮:10克;黄芩:10克;杏仁:10克;枳实:10克;茯苓:15克;胆南星:12克;制半夏:10克;,TRUE
1466,口淡,口中乏味,脾胃气虚,临床表现口淡无味，甚者食不知味，不欲饮食，神疲气短乏力，脘痞腹张，舌淡苔白，脉虚弱,辨证提要本证以口淡无味，神疲乏力，舌淡脉弱为辨证要点.,理法概要大病久病之后，脾胃之气虚惫，运化转输失职为基本病机,治宜益气健脾和胃,香砂六君子汤加味,党参:10克;白术:10克;茯苓:10克;甘草:6克;陈皮:9克;半夏:9克;木香:6克;砂仁:5克;焦麦芽:10克;,TRUE
1467,口淡,口中乏味,湿阻中焦,临床表现口淡无味，脘腹胀满、不思饮食.恶心欲吐，肢体沉重，怠惰嗜卧，便溏，舌苔白腻，脉缓,辨证提要本证以口淡伴肢体沉重，怠惰嗜卧，便溏，舌苔白腻，脉缓为辨证要点,理法概要脾运不健.湿浊内生：或外湿入侵脾胃，湿阻中焦为基本病机,治以苏香化湿，健脾和胃,不换金正气散,藿香:10克;半夏:10克;苍术:10克;厚朴:10克;陈皮:10克;甘草:3克;,TRUE
1468,口疮,口破、口疡、口疳,心脾积热,临床表现口腔粘膜有如黄豆大小溃烂点，灼热疼痛，表面多有黄白色分泌物，周围鲜红微肿.心烦失眠，口渴口臭.大便干.小便黄短；舌苔黄.脉滑数。每因饮酒或过食燥热；或情志内伤而诱发或加重。,辨证提要①辨证要点:每因饮酒或过食燥热，七情内伤而诱发加重口疮，局部灼热，疼痛，疮周鲜红.表面有黄白色分泌物。②辨病因:因本证多由过食醇酒、燥热之品或情志内伤所致，故当从病史角度审证求因。③辨心火上炎证：口疮溃疡小、数目多，分布于舌尖、舌边及舌腹部，色鲜红，心烦少眠、小便短赤，舌质红以舌尖为甚，苔黄，脉数。多由邪毒内陷心经，或七情之火內郁，心火亢盛，或小肠有热，循经上攻于心而成。④辨积热伤阴证：口疮表面黄白色分泌物减少，疮周微红微肿，烦躁口干，舌红少苔，脉细数,理法概要心脾积热，循经上炎，熏蒸于口而成口疮,治当清心火泻脾热,泻黄散;导赤散加减,藿香叶:6克;栀子:6克;生石膏:15克;甘草:6克;防风:3克;生地:12克;木通:6克;竹叶:10克;,TRUE
1469,口疮,口破、口疡、口疳,肺胃蕴热,临床表现起病急，口疮数量多，大小不等，表面多黄白色分泌物，疮周红肿或有水疱，常伴有发热头痛，咽喉肿痛，咳嗽口渴，便秘尿黄，舌红苔黄，脉洪数。,辨证提要①辨证要点:起病急，口疮数量多，表面分泌物多色黄，疮周红肿，咽喉肿痛，咳嗽.②辨偏于脾胃伏火口疮:每于过食煎炒辛辣而发，口疮多生于口唇口颊部，兼有口臭，便秘，口燥唇赤，舌红苔黄厚，脉滑数或弦数。③辨偏于肝经郁热口疮:女性多见，口疮数目多，常随情志波动或月经周期而发作、加重，伴有心烦易怒，胸胁、乳房作胀或痛，口干苦，舌尖红，苔黄，脉弦数。,理法概要邪热壅遏于肺胃，循经上蒸，腐灼肌膜，壅滞气血而成疮；,治当清泻肺胃。,凉隔散加减,栀子:12克;黄芩:12克;大黄:15克;芒硝:12克;薄荷:6克;连翘:12克;竹叶:9克;甘草:6克;,TRUE
1470,口疮,口破、口疡、口疳,阴虚火旺,临床表现口疮反复发作，灼热疼痛，疮周红肿不甚明显，口燥咽干，头晕耳鸣，失眠多梦，心悸健忘，腰膝酸痛，手足心热，舌红少苔.脉细数。,辨证提要①辨证要点：口疮反复发作，多生于舌根或舌下，疮周红肿不甚明显，五心烦热。②辨偏于脾阴不足证：口疮以舌缘、唇口底、舌腹多见，口干不欲饮，倦怠无力，食少纳呆，大便头硬后溏，舌红少苔，脉濡数。③辨兼湿热证：口疮红肿，分泌物呈黄浊垢腻，其量较多，热痛较著，反复发作不愈，口燥咽干，舌红少苔，脉细数。,理法概要真阴匮乏，虚火上炎而致口疮,治当滋阴降火。,知柏地黄丸加味,知母:12克;黄柏:10克;熟地:25克;山药:18克;山萸肉:12克;丹皮:10克;泽泻:10克;茯苓:12克;天冬:12克麦冬:12克;沙参:12克;玄参:15克;,TRUE
1471,口疮,口破、口疡、口疳,阳虚火浮,临床表现口疮淡而不红，大而深，表面灰白、日久不愈，服凉药则加重，腹胀，纳少，便溏，头晕乏力，面青肢冷，腰膝酸软，舌质淡，苔白，脉沉弱或浮大无力。,辨证提要①辨证要点：口疮日久不愈，淡而不红，疼痛轻微，服凉药则加重。②辨寒湿困脾：口疮四周不红，不甚疼痛，溃疡面色白，四肢不温，身体困重，食少便溏，舌淡苔白腻，脉濡缓,理法概要口疮乃因于脾肾阳虚，无根之火上浮而为,故治宜温补脾肾，敛火止痛。,附子理中汤,党参:10克;甘草:6克;白术:12克;干姜:9克;附子:6克;,TRUE
1472,唇风,驴嘴风、口周皮炎、唇瞤,胃经湿热,临床表现唇部灼热，红肿痒痛，口久破裂流水，嘴唇不时瞷动，口臭，口渴喜冷饮，大便秘结，舌红苔黄腻，脉滑数。,辨证提要①辨证要点:起病迅速，口唇灼热，局部红肿痒痛，口臭口渴。②辨转化：如伤胃阴者，则以唇红干燥，破裂流血，痛如火燎，犹无皮之状，口干少津为临床特征，如兼腑实，则以唇红肿胀，口渴口臭，大便秘结，舌红苔黄为主。,理法概要脾胃素蕴湿热，复受风邪.内外相引，上蒸唇部，发为唇风。,治宜清热利湿，疏风散邪。,双解通圣散加减,荆芥:10克;防风:6克;薄荷:6克;麻黄:3克;连翘:15克;栀子:10克;黄芩:10克;石膏:10克;茵陈:20克;滑石:30克;川芎:10克;当归:10克;白芍:15克;桔梗:6克;甘草:3克;,TRUE
1473,唇风,驴嘴风、口周皮炎、唇瞤,脾经血燥,临床表现唇肿燥裂，流水，流血，痛如火燎，犹如无皮之状，脱屑结痂。小便短赤，舌干红少津、少苔，脉细数,辨证提要①辨证要点：口唇燥裂，反复发作，脱屑结痂，痛如火燎。②辨病程:脾经血燥者，起病缓慢，反复发作，缠绵难愈,理法概要热邪蕴结脾经血分，上蒸口唇，灼伤肌膜而发病。,治宜清热凉血润燥。,四味消风饮加味,柴胡:10克;黄芩:10克;当归:12克;川芎:6克;生地:30克;赤芍:15克;甘草:5克;荆芥:30克;薄荷:6克;,TRUE
1474,齿衄,牙宣,胃火炽盛,临床表现齿衄血量多，色紫红，齿龈红肿疼痛，口渴喜冷饮，口臭，大便秘结，小便短黄，舌质红绛，舌苔黄，脉象洪数或滑数。,辨证提要①辨证要点:起病急，病程短，出血量多，色紫红或鲜红.口臭而渴。②辨病因:因饮酒无度，过食辛辣而致胃火炽盛者，细问病史可知。性情郁怒，肝郁化火者.常见急躁易怒、胁痛口苦之兼证。③辨病势:胃火炽盛，日久易伤及肾阴，伴有腰酸耳鸣，五心烦热等症。,理法概要胃中热盛，循经上炎，迫血妄行而为衄血,治宜清胃泻火，凉血止血。,加味清胃散,水牛角（犀角）:30克（冲）;生地:20克;丹皮:15克;当归:10克;黄连:9克;连翘:12克;升麻:9克;生甘草:3克;,TRUE
1475,齿衄,牙宣,阴虚火旺,临床表现齿龈时时渗血，齿摇不坚，疼痛不甚，口燥咽干，耳鸣，失眠多梦.潮热盗汗.腰膝酸软，舌质光红或少苔而干，脉细数无力.,辨证提要①辨证要点:发病缓，病程长，齿龈渗血.龈摇但痛不甚，耳鸣腰酸。②辨体质：多为阴虚之体，复因劳欲过度，或失血耗液等因素而发病。③辨病势：肾阴不足，日久不愈，肾水不养肝木，可致肝肾阴虚，虚火上炎，但以肾阴不足为主，常伴有急躁易怒，口苦胁痛，脉弦细数等症。肾阴不足，阴损及阳，而致肾阳不足，虚火上浮，扰动脉络而致齿衄者，可兼畏寒，四肢欠温，腰膝酸冷等症状。,理法槪要肾阴不足，虚火上炎，灼伤脉络，致使齿衄,治当滋阴降火，凉血止血。,知柏地黄汤加味,熟地:24克;山药:12克;山萸肉:12克;茯苓:9克;泽泻:9克;丹皮:9克;知母:9克;黄柏:9克;白茅根:15克;藕节:15克;,TRUE
1476,齿衄,牙宣,脾不统血,临床表现齿衄量不多.色淡红，面色晄白，头晕目眩，纳少，口淡乏味，心悸，神疲乏力，舌淡红.脉虚细,辨证提要①辨证要点:发病缓，病程长，齿衄色淡，食少纳呆，便溏。②辨病势:脾气虚弱，气血生化乏源，五脏之精不能归于肾.終成脾肾气虚.但以脾气虚为主，常兼见腰膝酸软等症状。,理法概要本证以脾气虚弱，血失所摄，而溢出脉外为病机，用药时应健脾而不呆滞，切忌用苦寒败胃之品。,治以健脾益气摄血为法,归脾汤加减,白术:15克;茯神:15克;龙眼肉:15克;枣仁:15克;黄芪:15克;人参:9克;木香:9克;当归:9克;远志:12克;炙甘草:9克;生姜:3片;大枣:3枚;,TRUE
1477,梅核气,咽异感症、咽部神经官能症、咽癔症、癔球,脾胃虚弱,临床表现咽中如有物梗阻，咯之不出，吞之不下；腹胀纳差，暧气泛恶，倦怠乏力，大便溏薄，两胁胀满，面色萎黄，形体消瘦，舌质淡，体胖大，苔薄白或白腻，脉弦细,辨证提要①辨证要点上本证以咽中如有物梗阻，腹胀纳差，胸闷气短，大便溏薄、面色萎黄，两胁胀满为要点，②辨病程:脾胃虚弱所致梅核气，临床上形成此病机需有一过程。多在脾虚基础上，因虚致实.土壅木郁.痰气交阻.形成本虚标实之证，才可发病，故病程较其他证相对要长。,理法概要脾胃虚弱之梅核气，主要由于饮食不节，劳倦过度，损伤脾胃，脾失健运，水湿内停，聚湿生痰.痰湿阻滞.土壅木郁.痰气交阻，结于咽喉所致,治宜健脾益气，开郁化痰。,四君子汤;半夏厚朴汤加减,党参:10克;白术:10克;茯苓:15克;橘红:10克;半夏:10克;厚朴:10克;紫苏:10克;郁金:10克;香附:10克;桔梗:10克;山豆根:10克;牛蒡子:10克;甘草:3克;,TRUE
1478,梅核气,咽异感症、咽部神经官能症、咽癔症、癔球,肝气郁结,临床表现咽中有异物感，吐之不出，咽之不下，胁肋胀痛，胸脘满闷，善太息，心烦易怒.失眼梦多，妇女月经不调，症状每因情绪变化面增减，舌苔薄白，脉弦。,辨证提要①辨证要点：本证以咽中有异物感，胁肋张痛，胸脘满闷.善作太息，症状轻重与情志变化有关为要点。②辨病因：本证由七情所伤导致，主要责于肝郁气滞，横逆乘脾，肝脾失调渐致痰气搏结而成。③辨类证:本证应与脾胃虚弱所致梅核气相区别.因脾胃虚弱证.多因饮食不节，劳倦内伤所致，脾虚在先，多屈虚证。日久不愈，渐致脾虚肝郁，痰气交阻而发为本病，而肝气郁结证，多因暴怒伤肝，情志抑郁所致，肝郁在先，多属实证。进而肝气乘脾，肝脾失调，痰气搏结，即发为本病。,理法概要肝气郁结之梅核气，主要由情志不遂.精神抑郁，致肝失条达，气机郁滞，木郁克上，肝气横逆乘脾，肝脾失调，痰气搏结，聚于咽喉而发为本病。,治宜疏肝解郁，理脾祛痰,柴胡疏肝散;四七汤加减,柴胡:6克;陈皮:12克;香附:10克;白芍:15克;枳壳:10克;川芎:8克;半夏:10克;厚朴:10克;茯苓:15克;苏叶:10克;桔梗:10克;牛蒡子:10克;生姜:5克;甘草:3克;,TRUE
1479,梅核气,咽异感症、咽部神经官能症、咽癔症、癔球,肺胃阴虚,临床表现咽干少津，喉似物梗，唇燥口渴，干咳少痰，胃脘灼热，食欲不振，大便干结，每因语言多或食剌激性食物而加重，舌红少津，脉细数.,辨证提要①辨证要点:本证以喉似物梗，咽干少津，唇燥口渴，干咳少痰，大便干结为要点。②辨体质:本证为虚中挟实之证，发病缓，多有脾虚病史，一般形体较瘦弱③辨病程:本证多因脾虚日久，脾不为胃行其津液，或热病后期；或过服温燥药物，导致肺胃阴虚，久则火热炎上，气血结于咽喉而发病，故病程较长.,理法概要素体脾虚，脾不为胃行其津液，或过服温燥之品，胃阴不足，虚热内生，胃火灼金，肺胃阴虚，火热炎上，气血壅结咽喉而发为本病,治宜滋阴降火，清利咽喉.,沙参麦冬汤;桔梗汤加减,辽沙参:15克;麦冬:15克;玉竹:12克;花粉:12克;桑叶:10克;生扁豆:15克;桔梗:10克;甘草:5克;射干:10克;山豆根:10克;,TRUE
1480,噎膈,,痰气交阻,临床表现吞咽梗阻，胸膈痞满，嗳气，或呃逆，精神郁闷，或呕吐痰诞，大便不畅.舌淡红苔薄腻，脉弦滑.,辨证提要①辨证要点:噎膈初起精神郁闷，吞咽梗阻，胸膈痞塞，嗳气，苔腻。②辨诱因：因忧思暴怒者，多有情志内伤病史，每兼精神抑郁.情绪不宁，胁肋胀痛；因感受外邪者，多有外感病史，每兼头痛.胸中烦闷，或兼恶寒发热等证。,理法概要痰气交阻之噎膈，其主要病机是痰气互阻于胸膈、食道,故治宜理气化痰。,启膈散加味,全瓜萎:30克;郁金:15克;砂仁壳:10克;香附:15克;川贝:10克;姜半夏:12克;荷叶蒂:l0克;杵头糠:15克;沙参:12克;茯苓:15克;丹参:15克;制南星:20克;海藻:30克;昆布:15克;生熟薏苡仁:30克;,TRUE
1481,噎膈,,气滞血瘀,临床表现吞咽梗阻，胸膈疼痛；食不能下，腹胀.甚则滴水难下，进食即吐，大便坚硬如羊屎，或吐下如赤豆汁，或便血，面色灰黯，形体羸弱.肌肤甲错，舌质紫暗少津或舌面有瘀点瘀斑，舌下脉络粗暗，脉细涩,辨证提要①辨证要点:吞咽困难，痛有定处（表现为吞咽疼痛、胸背或剑突部疼痛），肌肤甲错，形体消瘦，舌质紫暗。②辨兼挟证:兼痰阻者.泛吐粘痰，舌苔白腻;兼郁热者，口燥咽干，心中烦热，小便短赤；日久正虚者，少气懒言，头晕目眩，大便干结、坚如羊屎。,理法概要本证病机是气机不畅，瘀血阻于食道,故治宜理气活血，化瘀散结。,桃仁红花煎加减,丹参:30克;桃仁:15克;红花:10克;制香附:15克;元胡:15克;青皮:9克;川芎:10克;生地:15克;急性子:20克;菝葜:30克;威灵仙:15克;白花蛇舌草:30克;八月扎:30克;,TRUE
1482,噎膈,,阴津亏乏,临床表现吞咽梗涩，饮水可下，食物难进，形体消瘦，肌肤枯燥，口干咽燥，欲饮冷水，五心烦热，或潮热盗汗，性情急躁，大便干结，舌红而干，或有裂纹.少苔，脉弦细而数。,辨证提要①辨证要点：吞咽梗涩.口干咽燥，五心烦热，脉细数.②辨病因：阴津亏乏，有气郁化火伤津;恣食辛辣炙煿伤津;热病后伤津;以及素体肾阴不足所致，应追溯病史、兼证辨析之。③辨虚实夹杂：阴津亏乏，胃肠失润.传化涩迟，易挟食滞;或阴不制阳，燥热内生，而挟燥热。挟食滞者多脘腹痞闷胀满，暧气厌食，舌苔厚腻;挟燥热者多口渴饮冷，口气觉热，小便短赤，舌苔黄干。,理法概要本证主要病机是阴津不足，食道失于濡润而干涩,治宜滋养阴津，润燥畅膈。,六味地黄汤;五汁安中饮加减,生地:12克;生山药:30克;山茱萸:15克;丹皮:10克;泽泻:10克;茯苓:10克;韭汁:10克;牛乳:30克;生姜汁:6克;梨汁:12克;藕汁:10克;生薏苡仁:30~60克;天冬:15克;枸杞子:15克;山海螺:30克;白花蛇舌草:30克;女贞子:30克;,TRUE
1483,噎膈,,气虚阳微,临床表现久噎不已，吞咽受阻，饮食不下，面色苍白，精神疲惫，形寒气短；泛吐涎沫，面浮足肿，腹胀，舌质淡胖苔薄白，脉细弱或沉细,辨证提要①辨证要点:噎膈日久，面色苍白，精神疲惫，形寒气短，舌质淡苔白，脉细弱。②辨虚实夹杂:气虚阳微，温化失权，气不化津则为痰，气不行血则为瘀，故易兼挟痰、挟瘀等证.挟痰者泛吐痰涎，胸膈痞满，舌苔白腻;挟瘀者胸膈疼痛，固定不移，舌暗红，舌面有瘀点或瘀斑,理法概要本证主要病机是因气虚阳微，不能受纳和运化食物，浊气上逆所致,治宜补气温阳，佐以降逆和胃。,理中汤加味,西洋参:10克（另炖）;焦白术:15克;干姜:10克;炙甘草:6克;茯苓:15克;姜半夏:10克;砂仁:10克;丹参:20克;炙黄芪:30克;制附片:10克;补骨脂:15克;猪苓:30克;白花蛇舌草:30克;菝葜:30克;,TRUE
1484,呃逆,打嗝,外邪犯胃,临床表现突然呃逆.兼见发热恶寒，头痛无汗；舌苔薄白，脉浮紧。,辨证提要①辨证要点:无明显病史，突然呃逆，同时伴有外感表证。②辨病因：若卒感外邪，复伤饮食.则易见脘腹胀满，厌食等证。,理法概要本证由外邪犯胃，胃失和降，气逆动膈所致。,治宜疏散风寒，和肾降逆,藿香正气散加减,藿香:15克;紫苏:10克;厚朴:10克;半夏:6克;陈皮:10克;茯苓:15克;大腹皮:10克;炙甘草:6克;吴茱萸:6克;丁香:6克;,TRUE
1485,呃逆,打嗝,饮食停滞,临床表现呃声有力，腹胀满或呕吐、嗳气厌食.舌苔厚腻，脉滑。,辨证提要①辨证要点:有饮食过多史，症见嗳气厌食，呃逆有力。②辨病因：饮食所伤有伤饮、伤酒、伤肉、伤米面、伤生冷的不同.应注意询问。③辨病程:新病多实，久病常实中挟虚，兼见脾虚湿困之象。④辨体质:素体强壮之人发生本证.多与暴食有关，系纯实证;素体脾胃虚弱之人，偶饮食不慎，亦易发生此证，此为虚实错杂证。,理法概要饮食停滞，气机受阻，胃失和降.气逆动膈.则呃逆由生,治当消食导滞，和胃降逆。,保和丸加减,神曲:20克;焦山楂:20克;炒莱菔子:10克;鸡内金:10克;半夏:10克;陈皮:10克;刀豆子:20克;,TRUE
1486,呃逆,打嗝,胃中寒冷,临床表现呃声沉缓有力，遇寒甚，得热减；胃脘不舒；喜饮热汤，厌食冷物，舌苔白，脉弦紧,辨证提要①辨证要点：发病急骤，呃声沉缓有力，遇寒甚，得热减②辨病因：胃中寒冷有过食生冷、露宿中寒和胃素积寒之别，应审其病史辨析之。②辨体质，素体中阳虚者，最易中寒，但每见面色无华.体倦肢冷，舌淡，脉沉细等虚寒之象。③辨病程：冒中寒冷初起为实.久则伤及中阳，为实中挟虚,理法概要过食生冷或露宿着凉，致寒客胃腑.凝滞气机；胃失和降，气逆动膈，而生呃逆。,治当温中散寒，降逆止呃。,丁香散加味,丁香:10克;柿蒂:6克;良姜:10克;干姜:10克;刀豆子:10克;炙甘草:6克;,TRUE
1487,呃逆,打嗝,胃火上逆,临床表现呃声洪亮.连续有力，冲逆而出.口臭烦渴，喜冷饮，大便秘结；小便短赤，舌苔黄或黄糙，脉滑数有力。,辨证提要①辩证要点:发病急骤，呃声洪亮有力，冲逆而出，口臭烦渴，②辨病因：胃火上逆有嗜食辛辣炙煿及醇酒厚味之品，或过用温补药物，或五志过极化火犯胃之不同.宜注意辨析。③辨体质:素体胃阴虚者，在如上因素的诱发下，易发生胃火上逆，但每见口干舌燥，舌质嫩红，苔少津，脉细数。,理法槪要胃火上逆为热邪蘊积胃中，胃火上冲，气逆动膈所致,治当清泻胃火，降逆止呃。,白虎汤加味,生石膏:40克;知母:10克;粳米:20克;甘草:6克;竹茹:10克;柿蒂:10克;,TRUE
1488,呃逆,打嗝,肝气犯胃,临床表现呃逆声响，胸胁胀满，烦闷不舒，或兼恶心嗳气，头目昏眩，脘闷食少，脉弦。,辨证提要呃逆每因情志刺激而加重，呃逆声响，胸胁胀闷是本证辨证要点。,理法概要肝气郁结.横逆犯胃，胃失和降，气逆动膈，而生呃逆。,治宜疏肝和胃，降逆止呃。,四逆散加味,柴胡:10克;白芍:10克;青皮:10克;炙甘草:6克;枳壳:10克;沉香:6克;槟榔:10克;,TRUE
1489,呃逆,打嗝,脾胃虚寒,临床表现呃声低长，气不接续，泛吐清水，脘腹不舒，喜热喜按，手足欠温，食少便溏，神疲肢倦.舌质淡苔薄白，脉细弱。,辨证提要①辨证要点：呃逆反复发作.呃声低长；气不接续，形寒肢冷。②辨虚实夹杂:脾胃虚寒，运化失常，水反为湿，谷反为滞，而易见挟湿、挟食之虚中挟实证。挟湿者常见头身困重，小便短少，泻下溏薄，舌淡胖苔白腻，脉儒弱。挟食者常见脘腹胀满，嗳气厌食，舌苔厚腻，脉滑等。,理法概要脾胃虚寒，纳运失司，升降失调。气逆动膈，故呃声低长，气不接续,治当温补脾胃，降逆止呃。,丁萸理中汤加味,干姜:10克;吴茱萸:6克;党参:15克;白术:15克;炙甘草:6克;丁香:10克;白豆蔻:10克;,TRUE
1490,呃逆,打嗝,胃阴不足,临床表现呃声短促而不连续，唇舌干燥，心烦不安，不思饮食，或食后饱胀，大便秘结.舌嫩红苔少乏津，脉细数。,辨证提要①辨证要点：呃逆反复发作，呃声短促而不连续，唇舌干燥。②辨病因：胃阴不足的成因有热病耗伤胃阴，肝郁化火灼伤肾阴，过用辛温燥热药物耗劫胃阴的不同，应询问病史辨析。③辨病势：胃阴不足日久，易生内热，形成虚中挟实证;阴虚及气，亦可形成气阴两虚证。,理法概要胃阴亏虚，润降失常.气逆动膈，而生呃逆。,治当滋养胃阴，降逆止呃。,益胃汤加味,沙参:30克;麦冬:15克;玉竹:15克;生地:15克;冰糖:15克;竹茹:10克;刀豆子:10克;,TRUE
1491,胃痛,胃脘痛,寒邪客胃,临床表现胃痛暴作，胃寒喜暖，遇寒痛增，得热痛减，口不渴，喜热饮，舌苔薄白，脉弦紧,辨证提要①辨证要点：发病急骤，畏寒喜暖，喜热饮，多发于贪凉饮冷或冬季受寒后。②辨诱因：因恣食生冷而致者，每易兼见食滞，症见胃脘冷痛，呕逆不食，或便溏等。若外感寒邪所致者，常兼恶寒头热，头身疼痛等表证。③辨体质：素体胃弱者，寒邪入侵，则中阳易于受损，而常兼食少纳差，面色苍黄，手足不温，体倦乏力，舌质淡，脉细弱等虚寒之象。,理法概要寒邪客于胃腑，损伤中阳，使胃腑气不畅，而致疼痛,治当温胃散寒，行气止痛，并视其兼虚、兼表、挟实之不同，合以益气，解表，消食等法,良附丸加味,高良姜:12克;香附:10克;吴茱萸:10克;陈皮:10克;生姜:10克;炙甘草:3克;,TRUE
1492,胃痛,胃脘痛,饮食停滞,临床表现胃疼拒按，脘腹胀痛，嗳腐吞酸，厌食、或呕吐不消化食物，吐后痛减，或大便不爽，舌苔垢腻，脉滑。,辨证提要①辨证要点：胃脘胀痛，嗳腐吞酸，厌食，多发生在暴饮暴食后。②辨病因：饮食所伤，有伤面食，伤肉食，伤酒食之别，故当详察明辨。③辨病程：新伤饮食，其病机多属实证，积滞日久，多虚实夹杂。④辨体质：若素体阳盛，则食积易于化热成燥，症见胃痛急剧而拒按，大便秘结，舌苔黄厚而干，脉滑数。若平素胃弱.又伤饮食，则见胃痛，脘腹胀满，不思饮食.食后胀甚，大便或溏，或不杨，舌质淡、苔垢腻等症。,理法概要宿食停滞，胃失和降，气机不畅.而作疼痛，治宜消食导滞，和胃止痛，若有欲呕者，以吐法治之。若有便秘之征者，以通法荡涤之。正如陈修园曰，新伤吐之.久伤下之，为正治之法,治宜消食导滞，和胃止痛。以吐法治之，以通法荡涤之,保和丸加减,神曲:18克;焦山楂:18克;炒莱菔子:12克;陈皮:10克;半夏:9克;茯苓:10克;连翘:10克;炒麦芽:18克;,TRUE
1493,胃痛,胃脘痛,肝气犯胃,临床表现脘胀闷，攻撑作痛，连及两胁，每因情志因素而发或加剧，嗳气频繁，善太息，纳差少食，苔薄白，脉弦,辨证提要①辨证要点：胃脘胀痛连胁，每因情志因素而痛作。②辨肝气乘胃或胃弱肝贼：两者皆有肝胃失调的病证，但有偏虚偏实之不同.肝气乘胃乃肝气过盛，横逆犯胃，正如叶天上谓，肝为起病之源.胃为传病之所，其肝盛为其主因，证偏实而易化热，以脘胁胀痛，痛重于胀，平素急躁易怒.嗳气泛酸等症为特征。胃弱肝贼乃胃气偏虚，而招致肝乘，其胃弱为其主因，证偏于虚而易兼食滞.以脘胁胀痛，胀重于痛.平素纳差少食，嗳气呕恶等症为特征。③辨病势：初病在气.病久入络。《临证指南医案，胃脘痛》曰，胃痛久而屡发。必有凝痰聚瘀，胃痛反复发作，由气滞而致血瘀，气滞又能影响水津的敷布，可致痰湿，所以胃痛日久，往往出现血瘀、痰浊。④辨体质：若素体阳亢或胃热偏盛，则肝郁每易化火，症见胃脘灼痛，急躁易怒，口干苦，舌质红，苔薄黄，脉弦数等证。,理法概要情志失调.肝气横逆，乘犯于留；使胃腑气机不畅；而致疼痛。治当疏肝和胃，理气止痛。并审其肝旺胃虚之主次，或疏肝以和胃，或健胃以御肝。但须注意，疏肝不可过剂；以免化燥伤阴之弊，健胃当以通补，以防壅胃滞脾。另外.还当视其有无化火、伤阴、血瘀、蕴痰，而酌加泄热、养阴、活瘀、化痰之品,治当疏肝和胃，理气止痛,柴胡疏肝散加味,柴胡:10克;白芍:15克;川芎:10克;香附:10克;陈皮:10克;枳壳:12克;炒麦芽:15克;神曲:15克;炙甘草:6克;,TRUE
1494,胃痛,胃脘痛,肝胃郁热,临床表现胃脘灼痛，痛势急迫，烦躁易怒，口干口苦，嘈杂泛酸，小便黄赤，大便秘结，舌红苔黄，脉弦数。,辨证提要①辨证要点：胃脘灼痛，烦躁易怒，嘈杂口苦。②辨病势：郁热久蕴，每可伤及肝胃之阴，致使阴虚。郁热内盛，热迫血行，亦常出现吐血之证。③辨体质：素体阴虚.则郁热易耗津伤阴，症见胃脘隐隐灼痛，口干渴，舌红少苔。脉细数等证。,理法概要肝气郁结，郁久化热，热郁于胃，使胃腑气机不畅，而致疼痛。治当疏肝解郁，泄热止痛。并视其有无阴伤之证，而配以养阴之法。,治当疏肝解郁，泄热止痛，配以养阴之法,化肝煎;左金丸加减,栀克:15克;丹皮:12克;白芍:18克;青皮:8克;陈皮:19克;贝母:10克;泽泻:6克;吴茱萸:3克;黄连:10克;甘草:3克;,TRUE
1495,胃痛,胃脘痛,淤血停滞,临床表现胃痛拒按，痛有定处，痛如针刺或如刀割.入夜痛甚，或见吐血便血，舌质暗或有瘀斑。脉涩。,辨证提要①辨证要点：胃痛日久.痛如针刺，入夜痛甚。②辨诱因:若每因情志刺激而胀满刺痛者，多属气滞血瘀。若每因饮食后引起胀满剌痛者，多为食瘀交并。若感寒饮冷后引起胃脘冷痛剌痛，得暖可减者，为寒凝血瘀。③辨病势：若胃痛日久，反复不愈，而渐见刺痛者，多虚瘀夹杂。若久瘀阻络，血不循经而外溢者，可致吐血、便血。,理法概要叶天士云:”初为气结在经，久则血伤人络，若寒凝、气滞、食积、痰湿等壅阻气机，使血行不畅，或气虚无力推动血行，皆可致胃络瘀阻，瘀阻胃络，不通则痛。,治宜活血化瘀，通络止痛。并当视其不同兼证，配以散寒、行气消食、化痰、补气等法治之。,失笑散;丹参饮加味,灵脂:10克;蒲黄:10克;丹参:30克;当归:12克;桃仁:12克;元胡:12克;檀香:5克;砂仁:5克;香附:10克;炙甘草:3克;,TRUE
1496,胃痛,胃脘痛,胃阴亏虚。,临床表现胃脘隐隐灼痛，饥不思食，时作干呕，口干咽燥，大便干结，舌红少津或光红、无苔，脉细数。,辨证提要①辨证要点：胃脘隐隐灼痛，饥不欲食，口干咽燥，舌红少苔。②辨病机:阳明胃腑，喜润恶燥.若胃阴不足，失于濡养，则胃失和降，气机不畅，而致气滞。胃阴不足，胃气易伤，每致气阴两虚。或由阴津不足，血液质稠，而致血瘀。故胃阴不足，常可继而伴见气滞、气虚、血瘀。,理法概要肝郁化火，或胃热素盛，或热病之后，或过服温燥之药，或嗜食辛辣之品，皆可耗灼胃阴。胃阴不足，胃失濡润，则隐隐灼痛。,治当养阴益胃，润燥止痛,一贯煎;芍药甘草汤加味,沙参:12克;麦冬:10克;当归:12克;生地:15克;枸杞子:12克;白芍:18克;川楝子:12克;乌梅:12克;石斛:15克;甘草:5克;,TRUE
1497,胃痛,胃脘痛,脾胃气虚,临床表现胃脘隐隐作痛，按之则舒，遇劳则甚，食少纳呆，食后饱胀，腹胀、以午后入夜为甚，大便稀薄或时硬时溏，肢体倦怠，神疲乏力，面色不华，舌质淡，苔薄白，脉细弱或缓弱。,辨证提要辨证要点:①胃脘隐痛喜按，食少纳呆，肢体倦怠，而色不华。②辨虚实夹杂:思虑劳倦，久病等可致脾胃气虚。而脾胃气虚无力运动其气，可致气滞;脾虚失运，水津失布，可生痰湿;脾胃气虚，纳化失司，可致食滞;中气不足，无力运行血液，可致血瘀;脾胃气弱，气血化生不足，可致血虚；而血虚无以养肝，又致肝郁。故脾胃气虚，常可兼见气滞、痰湿、食滞、血瘀、肝郁等.出现脾胃气虚为本.气滞、痰湿、食滞、血瘀、肝郁为标的虚实夹杂证。③辨病程:气虚为阳虚之渐，阳虚为气虚之甚。若脾胃气虚日甚.中阳日趋亏乏，则寒从中生，进而发展为脾胃虚寒。,理法概要《难经》曰:“气主煦之”有温养作用。脾胃气虚，使胃腑失煦，可致胃痛。,治当益气补中，和胃止痛。并视其气滞、痰湿、食滞、血瘀、肝郁等不同兼证，伍以行气.化痰、消食、活瘀、疏肝等法治之。,香砂六君子汤加减,党参:20克;白术:15克;茯苓:12克;陈皮:6克;半夏:5克;砂仁:5克;木香:5克;炙甘草:5克;,TRUE
1498,胃痛,胃脘痛,脾胃虚寒,临床表现胃痛隐隐，喜暖喜按，空腹痛甚.得食痛减，泛吐清水，纳差食少，神疲乏力，形寒肢冷，大便溏薄，舌质淡，脉细弱或沉弱。,辨证提要①辨证要点：胃痛隐隐，喜暖喜按，纳差神疲，形寒肢冷。②辨虚实夹杂:脾胃虚寒，使中焦纳化升降失司，往往可以导致气滞、痰湿、食积、血瘀、肝郁等证，以致出现脾胃虚寒为本，兼夹气滞、血瘀、痰湿、食积为标的各种不同虚实夹杂证候（散见以上各个章节）③辨病势：脾胃虚寒，日久不复，可致中气下陷或阴血失统。其中气下陷者，症见胃痛时作，纳差乏力，脘腹坠胀，头晕目眩，脉虚弱等。其阴血失统者，症见胃脘隐痛，呕血，血色暗淡，大便黑或呈柏油样，面色不华，神倦懒言，舌质淡，脉细弱等,理法概要脾胃虚寒，胃失温养，不荣则痛,治宜温中健脾，和胃上上痛。并据其气滞、痰湿、食积、血瘀、肝郁、失血等不同兼证.配以行气、化痰、消食、活瘀、疏肝、止血之法。,黄芪建中汤加味,黄芪:18克;饴糖:10克;白芍:20克;桂枝:10克;高良姜:10克;茯苓:12克;白术:12克;生姜:5克;大枣:4克;炙甘草:5克;,TRUE
1499,痞满,,邪热壅胃,临床表现心下痞满.按之不柔软，兼见恶心欲呕，肠鸣下利.舌质红，苔黄腻.脉滑数。,辨证提要①辨证要点:心下痞塞.按之不痛不硬。②辨病因：伤寒表邪传里，或误下伤中；致使邪气内陷.,理法概要表邪内陷化热，寒热互结中焦.气机升降失常，胃气上逆则作呕，脾不健运则肠鸣、泄泻，病在中焦心下痞。,治宜开结除痞，和胃降逆。,半夏泻心汤,半夏:10克;黄芩:10克;干姜:6克;党参:10克;黄连:5克;炙甘草:6克;大枣:5枚;,TRUE
1500,痞满,,饮食积滯,临床表现胸脘满闷，痞塞不舒，嗳腐吞酸，或恶心呕吐，或能食而大便不通，腹满拒按，舌苔厚浊，脉弦滑.,辨证提要①辨证要点:宿食积滞，停塞于胃，胃失和降而上逆，故胸脘满闷。痞塞不舒，嗳腐吞酸，腹满拒按。②辨虚实：机体正气未衰，一般多属实证，治疗应以祛邪为主。,理法概要宿食停滞，胃失和降.当以祛邪为主，邪祛正安,治宜消食化滞，调和胃气.,李氏消积化食汤加减,陈皮:9克;半夏:6克;茯苓:15克;枳实:9克;山楂:15克;神曲:15克;竹茹:15克;黄芩:9克;知母:9克;甘草:3克;生姜:9克;,TRUE
1501,痞满,,痰湿阻胃,临床表现胃脘痞满，胸闷不舒.常伴恶心呕吐，头晕身重，或咳痰不爽，舌苔白腻，脉缓或滑,辨证提要①辨证要点：素体痰湿内盛，或因饮食无节，恣食肥甘，或因劳倦，或因惊怒忧思，以致脾不运化，胃失和降，痰湿内生，聚而为患。②辨体质:素体痰湿内盛，其人多肥胖。,理法概要多为脾胃虚弱，失于健运，水湿不化，蕴结生痰，胃脘痰湿，壅塞中焦，清阳不升，浊阴不降而为痞满.,治宜和中理气，燥湿化痰。,平胃二陈汤,半夏:10克;陈皮:10克;茯苓:15克;苍术:10克;厚朴:10克;甘草:3克;,TRUE
1502,痞满,,肝郁气滯,临床表现胃脘痞满，胸胁窒闷.短气不舒，喜太息，伴心烦易怒，头晕目眩，时时泛恶，小便黄或短涩，舌苔薄白。脉弦。,辨证提要①辨证要点:胸胁窒闷，短气不舒，喜太息.心烦易怒，脉弦。②辨脏腑:肝主怒，肝脉弦，胸胁为厥阴循行之处，故其病在肝，肝木克上，造成脾胃升降失司。,理法概要忧思恼怒，气郁伤肝，肝失疏泄条达，横逆犯胃，胃失和降，气机不畅，肝胃气滞，故作痞满。,治宜疏肝解郁，理气消痞。,李氏加减柴胡疏肝汤,香附:9克;砂仁:6克;陈皮:9克;半夏:9克;西小茴:9克;枳壳:9克;柴胡:6克;青皮:9克;甘草:3克;,TRUE
1503,痞满,,脾胃虚弱,临床表现胸脘不舒，痞塞胀满，时宽时急，不知饥，不欲食，喜热喜按，得温则舒，四肢不暖.短气乏力，体倦懒言，大便溏稀.舌淡苔，脉细无力。,辨证提要痞塞满闷，不知饥，不欲食，喜热喜按，得温则舒，四肢不暖，体倦懶言，大便溏稀，舌淡苔白，脉细无力。,理法概要素体脾胃不健，中气久虚.复为饮食劳倦所伤，或过用寒凉克伐之剂，重伤中阳，或病后中气未复，均能导致胃纳滞呆；脾运无力，故而胃脘痞塞，满闷不舒.,治宜益气健脾，温中和胃,李氏香砂理中汤,党参:12克;白术:9克;茯苓:15克;陈皮:9克;半夏:9克;木香:6克;砂仁:8克;川朴:9克;干姜:6克;丁香:5克;川芎:9克;甘草:3克;,TRUE
1504,胃缓,,脾虚气陷,临床表现面色萎黄，食少纳呆.食后脘腹胀满，或腹部坠胀，形体瘦弱，舌淡苔白，脉象缓弱，或肠间漉漉有声，呕吐清水痰涎。或厌食嗳气，胃脘痞满甚，大便不爽且臭秽。或心下痞满口苦而粘.舌苔黄腻.或舌质暗，或有瘀斑。,辨证提要①辨证要点:本证以脘腹坠胀.食后尤甚，形体瘦弱、便溏为要点。②辨病势：脾气虚弱.运化无力，中焦失于转输，则食积、痰饮、湿热丛生；气虚运化无力而致气滞;久病不愈，络脉瘀阻，则舌质暗或有瘀斑等瘀血症状及体征。脾虚则不能运化水谷之精，后天之精乏源，肾之精气失于滋养，故脾虚日久穷必及肾，终致脾肾俱虚，证以脾虚为主，并见腰膝酸软，脉沉细无力等。,理法概要脾虚气陷，升举无力为本证之主要病机,治法宜益气健脾、升阳举陷为主，根据食积、痰饮、湿热、瘀血之不同，分别佐以消食、化饮、化湿、通络之法。,补中益气汤加味,炙黄芪:15克;白术:12克;枳壳:15克;党参:12克;当归:9克;陈皮:6克;柴胡:3克;升麻:3克;,TRUE
1505,胃缓,,脾胃阳虚,临床表现面色苍白，形体瘦弱，畏寒喜暖，食后脘腹痞满，或腹部坠胀。呕吐清水痰涎.大便稀溏或初硬后溏，舌质淡，舌体胖边有齿痕，脉沉缓。,辨证提要本证除具有脾虚气陷要点外.有腹痛，喜暖喜按，畏寒肢欠温，舌苔白滑多津，脉沉迟无力。,理法概要脾胃阳虚，气虚下陷为本证之主要病机.,治以温补脾胃，益气升阳之法.,补中益气汤;理中汤,炙黄芪:15克;炙甘草:6克;党参:12克;当归:9克;陈皮:6克;白术:12克;干姜:6克;升麻:3克;柴胡:3克;,TRUE
1506,胃缓,,胃阴不足,临床表现饮食减少，食后脘腹痞满坠胀，烦闷不舒，口干唇红，时干呕或呕吐.大便干结.形体消瘦.舌红少苔，脉细或细数,辨证提要本证以食后脘腹坠胀，烦闷不舒，干呕.口干.便秘，舌红少苔为辨证要点。,理法概要胃阴不足.胃体失濡为其主要病机,治宜养阴益胃为法.脾胃同屏中焦，脾为胃行其津液，故滋胃闲勿忘健脾.养胃阴勿过于滋腻，以防阻碍中焦运化,益胃汤;一贯煎,沙参:9克;麦冬:15克;冰糖:3克（冲）;细生地:15克;玉竹:5克;当归:9克;枸杞子:12克;川楝子:9克;,TRUE
1507,呕吐,吐逆,外邪犯胃,临床表现突然呕吐，可伴发热、恶寒，头身痛.胸脘满闷，舌苔白腻，脉濡缓。,辨证提要①辨证要点:起病突然，多伴有恶寒发热，头身痛。②辨病因:《古今医统》云：“卒然而呕吐者，多是邪客胃腑，在长发多为暑邪所干，于秋冬乃风寒所犯。“若夏令而见呕吐，状热口渴，烦躁不安.口干舌燥，便秘尿赤，脉洪数等，多为火热犯胃；若证见胸闷呕恶，呕吐甚剧，舌苔浊腻，多为秽浊犯胃。,理法概要外邪犯胃，侵犯胃腑，阻遏胃气，和降失司，气逆于上而呕吐,治疗当疏解外邪，化浊和胃为法。,藿香正气散,藿香:12克;白芷:6克;陈皮:9克;紫苏:12克;桔梗:6克;白术:6克;厚朴:9克;半夏:6克;茯苓:9克;大腹皮:9克;甘草:3克;生姜:6克;大枣:3枚;,TRUE
1508,呕吐,吐逆,饮食停滞,临床表现呕吐酸腐，脘腹胀满，嗳气厌食.得食吐甚，吐后反快，大便臭秽或秘结.苔厚腻.脉滑数或滑实.,辨证提要①辨证要点：暴饮暴食或食入不洁之物后，呕吐酸腐，吐后症减，食后加重，嗳腐厌食。②辨病因:饮食停滞之呕吐，多能追溯到伤肉、伤而食、伤米食、伤生冷及伤酒之病史，因误食不洁腐畋食物，证见腹中痛，欲吐不得。③辨阳明腑实:虽可证见呕吐，但以腹胀拒按，大便秘结，发热为主，舌红苔黄，脉滑数。④辨胃中积热上冲：证见食已即吐，口臭而渴，舌苔黄，脉数有力。⑤辨伤食与停食:伤食者，平素体健，有过食史;停食者，素体脾胃不健.偶遇饮食稍有不慎.即发生停积之患。,理法概要饮食自倍，伤脾滞胃，停积不化，而胃气失和,治宜消食导滞，和胃止呕。,保和丸加味,陈皮:9克;半夏:9克;茯苓:12克;连翘:9克;山楂:12克;神曲:12克;麦芽:24克;炒莱菔子:12克;,TRUE
1509,呕吐,吐逆,痰饮中阻,临床表现呕吐清水痰涎，脘闷不食，头眩心悸，苔白腻，脉弦。,辨证提要本证以呕吐反复发作，吐物为清水痰涎，水入既吐，头晕为辨证要点。,理法概要脾胃运化失常，生痰成饮，停聚中焦.凝滞气机，胃失和降，浊阴上逆则呕吐。,治宜温化痰饮.和胃降逆为法。,小半夏汤;苓桂术甘汤,半夏:9克;茯苓:12克;甘草:6克;桂枝:9克;白术:9克;生姜:9克;,TRUE
1510,呕吐,吐逆,肝气犯胃,临床表现呕吐吞酸，嗳气频作，胸胁胀痛，烦闷不舒、舌边红、苔薄腻，脉弦。,辨证提要①辨证要点：呕吐吞酸，嗳气频作，随情志波动而呕吐时发时止。②辨转化：日久可见化火伤阴及气滞血瘀等变证。,理法概要情志失调，肝气犯胃，胃先和降而呕吐,故治当疏肝理气，和胃降逆。,四七汤加减,半夏:9克;厚朴:9克;茯苓:12克;生姜:6克;苏叶:6克;大枣:3个;,TRUE
1511,呕吐,吐逆,脾胃气虚,临床表现恶心呕吐，常吐涎沫，脘部痞闷，食欲不振，食入难化，大便溏薄.舌质淡、苔白滑，脉缓而无力。,辨证提要①食欲不振.饮食稍多即吐，面色萎黄，脘部痞闷为其辨证要点。②病程中常兼见脾虚气滞湿停或中气下陷证候，当注意辨识。,理法概要脾胃虚损，则纳化失常，升降失司，清浊壅滞中焦，谷随气逆而吐作,故治当健脾益气，和胃降逆。,香砂六君子汤,党参:12克;茯苓:12克;白术:10克;炙甘草:10克;半夏:10克;陈皮:10克;木香:6克;砂仁:3克;,TRUE
1512,呕吐,吐逆,脾胃阳虚,临床表现饮食稍凉或稍多即吐，时作时止，面色苍白，倦怠乏力，喜暖恶寒，四肢不温，口干不欲饮，大便溏薄，舌质淡，脉濡弱。,辨证提要①本证以饮食稍凉或稍多即呕吐，时发时止，四肢不温为辨证要点。②脾阳虚久.累及肾阳，可见完谷不化，四肢逆冷，腰膝酸软等症。,理法概要脾胃阳虚，水谷失腐；复因阴寒内盛，凝滞气机，浊阴上逆而发病。,治宜温中健脾，和胃降逆为法。,理中汤加味,党参:12克;内术:9克;干姜:6克;甘草:3克;丁香:6克;柿蒂:12克;,TRUE
1513,呕吐,吐逆,胃阴不足,临床表现呕吐反复发作，时作干呕，口干咽燥，似饥不欲食，舌红、少津、无苔，脉细数。,辨证提要①辨证要点：呕吐反复发作.时作干呕.口干咽燥，舌红无苔。②辨病因：胃阴不足之呕吐有热病后期伤津，或肝郁化火伤津之别.应结合病因明辨之。③若胃阴大伤.可见烦渴喜饮，肌肤祜燥，大便燥结，舌红无苔；舌有裂纹，甚或为镜面舌。④亦有阴阳两虚证:大便时干时溏、脘腹冷痛、饥不欲食，食则腹胀；倦怠无力.时作干呕，舌红苔薄；脉沉细数。,理法概要胃阴不足，失于润降而呕吐。,治当滋阴养胃.降逆止呕。,麦门冬汤加味,人参:6克;寸冬:15克;甘草:6克;半夏:6克;粳米:15克;大枣:5枚;,TRUE
1514,反胃,胃反,脾胃阳虚,临床表现食后脘腹胀满，良久吐出宿食，神疲乏力，四肢欠温，面色萎黄，大便溏少，舌质淡，舌体胖大边有齿痕、苔白润，脉缓迟,辨证提要：①辨证要点：脾胃阳虚之反胃以腹满而吐.食欲不振，朝食暮吐，宿食不化，胃脉浮涩或缓迟无力为特点。②辨病势:脾胃阳虚，失于调治，穷必及肾；而致脾肾阳虚证候，但以脾阳虚为主，兼见腹中冷痛，腰膝酸冷等症状。,理法概要本证以脾阳虚弱，胃不磨谷，脾失健运为关键,故宜温中健脾，佐以和胃降逆。,理中汤加味,人参:6克;白术:9克;干姜:6克;丁香:5克;白蔻仁:10克;炙甘草:3克;,TRUE
1516,反胃,胃反,水饮内停,临床表现反胃吐出宿食痰涎，脘闷不食.心悸、头晕目眩，或吐后口渴，饮水不多.小便不利，舌荅白腻，脉弦滑,辨证提要①辨证要点：水饮内停之反胃吐出宿良及痰涎稀液；吐后口渴；饮水心多.时伴心悸、头晕，脉弦滑。②辨病机转化:本证常山恣食生冷，夏日暴饮，困阻中阳而致水饮内停，或脾胃阳虚，水湿不化而致饮停中焦。水饮内停，日久不得温化，伤伐中阳，而出现虚(阳虚)实(水饮)兼挟之局面，临床上应细审其因果关系，辨其孰轻孰重。,理法概要饮为阴邪，应以“温药和之”故对水饮内停之反胃宜温化水饮为主，水饮之形成与脾阳不足密切相关,故治疗水饮内停时不可忽视温健脾胃之环节。,茯苓泽泻汤加减,茯苓:9克;泽泻:12克;桂枝:6克;白术:9克;甘草:6克;生姜:12克;,TRUE
1517,反胃,胃反,痰气交阻,临床表现胃反吐出宿食痰涎.胸膈痞闷，脘胁胀满，忧思恼怒及食后加重，呃逆，嗳气，大便不畅，舌苔白腻.脉沉弦。,辨证提要痰气交阻之反胃多由忧思郁怒所致.故气郁诸病；脉象多沉弦.并且有情绪舒畅则减轻，忧怒则加重之特点。,理法概要痰气互阻中焦，宿食不化、胃气上逆为本证之发病关键,治宜理气化痰；佐以和胃降逆。,导痰汤;五膈宽中汤,陈皮:9克;半夏:9克;丁香:6克;砂仁:9克;青皮:12克;茯苓:12克;厚朴:15克;枳实:6克;胆南星:6克;白蔻仁:6克;炙甘草:5克;,TRUE
1518,反胃,胃反,胃中积热,临床表现胃反吐出宿食混浊酸臭，心烦口渴，口臭，面红，便秘，舌红、苔黄或黄腻；脉滑数。,辨证提要①辨证要点:《素问；至真要大论篇》中记载“诸转反戾，水液浑浊，皆属热。”今吐出物混浊粘液酸臭，故为热证。舌红、苔黄为热象。②辨酒积湿热证:本证由于酒食不节损伤脾胃，湿热交阻中焦而成，以头身困重，心中懊恼而热，频频欲吐为特点，应与胃中积热证之反胃区别,理法概要本证主要由于胃中积热，损伤胃气所致。,治以清胃泄热，佐以和胃降逆。,竹茹汤加减,半夏:6克;陈皮:6克;竹茹:15克;杷叶:12克;山栀子:12克;,TRUE
1519,反胃,胃反,胃阴不足,临床表现食入后良久反出，吐物宿食兼及少量浊液；口干唇燥，形体消痩，大便干结，舌红少苔或舌苔花剥，脉细无力。,辨证提要①辨证要点：胃阴不足之反胃吐物宿食兼及少量浊液、口干唇燥，形瘦便结，舌红少苔。②辨病因:素体阴虚，复因酒色过度，或恣食辛香炙煿之品，或热病日久未愈，或气郁化火伤及胃阴，皆可致胃阴不足证。③辨病势:脾为胃行其津液，脾胃同居中焦，胃阴不足，日久必夺脾气，而致气阴两虚之证候。,理法概要胃中阴液不足，致便胃不能腐熟水谷，食宿胃中良久而吐出。,故宜濡养胃阴，和胃降逆。,麦门冬汤,麦冬:15克;半夏:5克;人参:5克;甘草:3克;梗米:15克;大枣:5枚;,TRUE
1520,反胃,胃反,瘀血内结,临床表现脘腹胀满.食后尤甚，上腹或有积块，脘腹刺痛拒按，朝食暮吐，暮食朝吐，吐出宿食或褐色粘液，或吐血便血，舌质紫暗或有瘀点，脉弦涩。,辨证提要①辨证要点:食入格阻不化而反出，胸脘刺痛拒按，痛有定处为其特点。②辨变证:瘀血内结证多见诸反胃后期，若吐血频频，往往导致气随血脱之危候。,理法概要瘀血既是致病因素，又是反胃整个病理变化过程中之产物，无论气虚、阳虚、阴虚和痰气交阻皆可致瘀,故在治疗上虽然以活血祛瘀为主，但是临床上应细审病机，以求其所属以治之。,膈下逐瘀汤,当归:10克;川芎:6克;桃仁:15克;红花:9克;赤芍:9克;元胡:9克;五灵脂:10克;乌药:5克;枳壳:5克;香附:10克;甘草:5克;,TRUE
1521,吐血,呕血,胃热壅盛,临床表现吐血量多，色鲜红或紫红，夹有食物残渣.大便色黑如柏油样.吐血前常有口渴多饮.胸脘满闷、胃脘胀痛，口臭便秘等证，舌红、苔黄，脉滑数。,辨证提要①辨证要点:吐血量多，色鲜红或紫红，夹有食物残渣.口渴。②辨体质:素体阳盛者，复因嗜食辛辣醇酒等，损伤胃络，导致本证。③辨转归：胃热壅盛导致的吐血为实证，但热盛可以伤阴，且热迫血行，在大量出血之后，则会导致阴血亏损，虚火内生，转为阴虚火旺证。或因失血过多，气随血耗，转为气虚阳微证。,理法概要胃热壅盛，灼伤胃络，迫血上溢，而致吐血。,宜清胃泻火，凉血止血,泻心汤加味,黄连:12克;黄芩:10克;大黄:10克;生石膏:30克;栀子:10克;丹皮:12克;大小蓟:12克;侧柏叶:10克;生甘草:3克;,TRUE
1522,吐血,呕血,肝火犯胃,临床表现吐血色红或紫暗，脘胁胀痛.口干苦，心烦易怒；少寐多梦，或频作呃逆，舌质红、苔薄黄，脉弦数。,辨证提要①辨证要点:吐血色红或紫暗.脘胁胀痛，心烦易怒.②辨体质:患者素体肝旺，复因郁怒，使肝火暴盛，横逆犯胃，灼伤胃络，导致本证。③辨转归:肝火亢盛之证，由于火邪伤阴，迫血妄行，则可伤及阴血.形成阴虚火旺证，或因失血过多，气随血耗，转为气虚阳微证。,理法概要本证乃肝火横犯胃腑，灼伤胃络、迫血妄行而致。,治宜泻肝清胃，凉血止血。,龙胆泻肝汤;泻心汤加减,龙胆草:15克;黄芩:12克;黄连:12克;栀子:12克;大黄:10克;生地:15克;丹皮:12克;大蓟:12克;小蓟:12克;旱莲草:15克;生甘草:5克;,TRUE
1523,吐血,呕血,阴虚火旺,临床表现吐血色红量多，反复不止，胃脘隐痛.面色潮红，咽干盗汗，五心烦热，少寐多梦，耳鸣腰酸，大便黑，舌红、少苔，脉细数,辨证提要①辨证要点:吐血色红量多，反复止，五心烦热。②辨体质:素体阴虚.复感燥热，或食辛辣，以致火旺伤络，导致本证。,理法概要阴虚火旺，灼伤胃络，迫血妄行，发为吐血。,治宜滋阴降火。凉血止血。,玉女煎加味,生地:18克;熟地:18克;知母:12克;麦冬:12克;石膏:30克;丹皮:12克;旱莲草:12克;紫珠草:10克;大蓟:10克;小蓟:10克;人黄:5克;川牛膝:15克;,TRUE
1524,吐血,呕血,气虚血溢,临床表现吐血绵绵不止.血色淡而不鲜，胃脘隐痛喜按，神疲乏力.心悸气短；食少纳差，面色苍白.腹胀.大便溏而色黑，舌质淡、苔白，脉细弱。,辨证提要①辨证要点：吐血缠绵不止，血色淡而不鲜.胃脘隐痛喜按，食少神疲上。②辨转归：患者反复出血，气随血耗.气损及阳，则可转为阳气衰微证。,理法概要脾气亏虚；统血无权，血液外溢，而致吐血。,治宜健脾益气摄血,归脾汤加减,党参:15克;白术:12克;茯苓:10克;黄芪:18克;当归:12克;阿胶:10克;枣仁:20克;桂圆肉:30克;仙鹤草:20克;白芨:15克;炮姜炭:15克;乌贼骨:20克;炙甘草:3克;,TRUE
1525,吐血,呕血,瘀阻胃络,临床表现吐血血色紫黑有瘀块，胃脘刺痛，痛有定处而拒按，面色晦黯，舌紫暗有瘀斑，脉涩。,辨证提要①辨证要点:吐血，血色紫黑有瘀块，胃脘刺痛拒按，舌紫暗有瘀斑。②辨病史:患者病程日久，或有外伤史。,理法概要本证由瘀阻胃络，血不归经，溢于脉外而致。,治宜活血化瘀止血。,血府逐瘀汤加减,桃仁:12克;红花:10克;川芎:10克;川牛膝:15克;当归:12克;生地:12克;赤芍:12克;茜草:12克;白芨:12克;大黄:5克;三七粉:2克（冲服）;,TRUE
1526,吐酸,,寒湿中阻,临床表现口吐酸水，胸膈满闷，胃脘痞塞，不思饮食，身重困倦，舌苔白滑或腻，脉沉缓。,辨证提要①辨证要点：口吐酸水，胸膈满闷.胃脘痞塞不适等。②辨外感内伤：本证既可由过食生冷而作，亦可由外感寒邪所致。宜结合病史明辨之。,理法概要寒湿阻滞中焦.阳气被遏，胃失和降.脾运失职.浊滞作酸,治宜温化寒湿.和胃制酸,平胃散加味,苍术:12克;厚朴:10克;陈皮:12克;甘草:6克;干姜:9克;大枣:5枚;吴茱萸:8克;乌贼骨:12克;,TRUE
1527,吐酸,,饮食积滯,临床表现吐酸频发，胃中烧灼，嗳气臭腐.胃脘胀满拒按，厌食，苔黄而腻，脉滑。,辨证提要①辨证要点:吐酸频发，嗳气臭腐，厌食。②辨病因:饮食所伤有伤肉食、伤面食、伤酒食之别。,理法概要饮食积滞于胃腑，不得运化.蕴郁化热则自腐作酸,治宜消导和胃，降逆止酸。在消导之时，应佐以理气之法，以提高疗效。,曲麦枳术丸加味,神曲:12克;麦芽:12克;枳实:10克;白术:12克;煅瓦愣:15克;莱菔子:12克;黄连:3克;吴茱萸:8克;,TRUE
1528,吐酸,,肝胃郁热,临床表现吐酸时作，恶心呕吐.心烦易怒，口干口苦，胁肋胀痛，胃脘嘈杂，舌红、苔黄，脉弦数,辨证提要①辨证要点:吐酸时作，胁肋胀痛，冑脘嘈杂，口苦，随情志的变化而加重。②辨转归：郁热日久可以伤耗胃阴，致吐酸时作，夜间尤甚.口干不欲多饮，舌质红绛少苔。,理法概要肝郁化火.肝火犯胃，郁热蕴结胃腑.胃失和降而致吐酸,故治以清泄肝火，和胃制酸,化肝煎;左金丸加减,黄连:15克;吴茱萸:5克;青皮:15克;陈皮:15克;芍药:20克;丹皮:10克;栀子:10克;泽泻:9克;贝母:10克;,TRUE
1529,吐酸,,脾胃虚弱,临床表现呕吐酸水，纳差腹胀，喜温喜按.大便稀溏，倦怠乏力，少气懒言，舌质淡苔薄白；脉弱无力。,辨证提要①辨证要点:呕吐酸水，纳差腹胀。②辨正虚挟实:若在脾胃虚弱表现的基础上，兼见嗳气臭腐，吐酸频发，厌食，舌苔厚腻，属胃虚挟食滞;若兼见胃脘痞满，吐酸或呕吐痰涎，舌苔白腻，为胃虚挟杂痰湿;若兼见嘈杂烧心，吐酸量多，口干口苦，舌苔黄厚，为胃虚挟肝郁化火。,理法概要脾胃亏虚，运化失职，饮食不能运化成水谷精微，反蕴积作酸。,治应健脾益气，和胃制酸。运化无力则食积难化，故宜佐以消食助运之品。,香砂六君子汤加味,党参:15克;白术:10克;茯苓:15克;木香:9克;砂仁:6克;炙甘草:6克;陈皮:10克;半夏:12克;乌贼骨:10克;吴茱萸:8克;,TRUE
1530,嘈杂,,痰热扰胃,临床表现嘈杂而兼恶心吐酸，口渴喜冷，心烦易怒或胸闷痰多，多食易饥或似饥非饥.胸闷不思饮食，舌质红，舌苔黄而干，脉滑数,辨证提要①辨证要点:本证发病急，病程短，心烦易怒，多食易饥，舌红苔黄而干。②辨病因:本证多由过食辛辣，或醇酒厚味，伤及胃腑，积滞不化;或忧思恼怒，肝失调达，郁而化热，横犯胃土而发。,理法概要本证以痰热内扰胃腑为基本病机,治宜清热化痰，和胃降逆,黄连温胆汤加味,陈皮:9克;半夏:12克;茯苓:15克;竹茹:15克;枳实:10克;黄连:6克;栀子:10克;生姜:5片;大枣:3枚;,TRUE
1531,嘈杂,,脾胃气虚,临床表现嘈杂时作时止，口淡无味，食后腹胀，体倦乏力，舌淡白苔薄，脉虚弱。,辨证提要①辨证要点：本证起病缓，病程较长，多见于年老体虚之人，嘈杂时作，体倦乏力，舌淡脉弱。②辨病因:本证多因素体虚弱，或饮食劳倦而致胃虚气逆而发。,理法槪要本证以脾胃气虚，胃失和降为主要病机,治以益气健脾和胃为法,香砂六君子汤,党参:10克;白术:10克;茯苓:15克;木香:9克;砂仁:9克;甘草:6克;陈皮:10克;半夏:10克;,TRUE
1532,嘈杂,,胃阴不足,临床表现嘈杂时作，口干舌燥，不思饮食或饥不欲食，食后饱胀，大便干燥，舌红、少苔或无苔，脉细数。,辨证提要①辨证要点：口干舌燥，饥不欲食，舌红少苔，脉细数。②辨病因:本证多见于温热病后期，热伤胃津，胃失濡润，和降失职而发。,理法概要胃阴不足之嘈杂，主要矛盾在干胃阴亏虚，胃失濡润.,治当复其阴津，滋养胃阴,益胃汤,沙参:24克;麦冬:15克;生地黄:15克;玉竹:12克;冰糖:5克;,TRUE
1533,嗳气,倒饱,寒邪犯胃,临床表现嗳气深沉有力，胃脘胀闷不适，得热则减，遇寒更甚，或伴头痛、恶寒身热；舌苔白润，脉象沉缓,辨证提要①辨证要点:发病突然，遇寒则甚，得热可缓，多有受凉病史。②辨病因：外感寒邪者，多有恶寒身热之表证；内伤生冷者，每有恣食生冷之诱因，而无表证,理法概要寒邪内客于胃，胃失和降，浊气上逆。,治宜温中散寒，和胃降逆。,良附丸;二陈汤加味,良姜:10克;香附:12克;陈皮:10克;半夏:10克;茯苓:15克;厚朴:10克;甘草:3克;,TRUE
1534,嗳气,倒饱,饮食停滞,临床表现食后嗳气，气味酸腐而臭.胸脘痞闷，不思饮食，大便臭秽不爽，或秘结不通，舌苔厚腻，脉滑实。,辨证提要①辨证要点:嗳气酸腐而臭，胸脘痞闷不食，并有伤食的病史。②辨病因:饮食所伤，有伤肉食、面食、生冷和酒之别，应追溯病史而辨之。③辨体质:食滞中焦每因体质强弱之不同而转化各异，如素体强壮或胃热偏盛，食积易于化热;脾虚之人易伤生冷.食积易从寒化,理法概要饮食不节，损伤脾胃，运化失常，食滞中焦，浊气上逆。,治宜消食导滞，和胃降逆。,保和丸加味,神曲:15克;焦山楂:15克;炒莱菔:12克;陈皮:10克;半夏:10克;茯苓:15克;连翘:15克;枳实:10克;,TRUE
1535,嗳气,倒饱,肝胃不和,临床表现嗳气频作，胸胁胀满不舒，或见脘胀纳差，每因情志不畅而诱发或加重，舌苔薄白，脉弦。,辨证提要①辨证要点:嗳气频作，每因情志剌激而发，胸胁胀满，脉弦。②辨肝郁与肝火:前者属于肝气郁结，失于条达，木郁土壅，胃失和降，证见暧气纳呆，胸胁胀满，精神抑郁;后者系肝火偏旺，横逆于胃，肝胃气逆，证见嗳气频频，面红目赤，急躁易怒。,理法概要肝气郁结，疏泄失常，胃失和降。,治宜疏肝解郁，理气和胃.,柴胡疏肝散加味,柴胡:10克;枳壳:12克;香附:12克;川芎:10克;白芍:15克;陈皮:10克;半夏:10克;甘草:5克;,TRUE
1536,嗳气,倒饱,脾胃虚弱,临床表现嗳气时作时止，嗳声低微，神疲乏力，面色无华，舌质淡、苔白润，脉沉缓无力,辨证提要①辨证要点:嗳声低微，神疲乏力，舌质淡，脉沉缓无力。②辨病势:脾胃虚弱，初为气虚，久则伤阳，面致脾胃虚寒，穷必及肾而见脾肾阳虚，临证宜详辨之.③辨虚实夹杂:脾胃虚弱，纳化无力，或食积不化，或水湿内停而见脾虚挟食或脾虚湿盛虚实错杂之证,理法概要脾胃虚弱，运化无力，升降失常，胃气上逆。,治宜健脾益气，和胃降逆,香砂六君子汤加味,木香:10克;砂仁:10克;陈皮:10克;半夏:10克;党参:15克;白术:12克;茯苓:15克;甘草:5克;,TRUE
1537,厌食,恶食,寒湿困脾,临床表现食欲不振，泛恶欲呕，脘腹胀闷，或腹痛便溏，头重身困，或畏寒肢冷，舌苔白腻，脉濡而缓。,辨证提要①辨证要点:发病急骤，食少纳呆，泛恶欲呕，脘闷身困，多发于夏秋之季。，②辨病因：外感寒湿之邪者，多有表证，并有衣着不慎，露宿若凉之病史；因食生冷者；少见表证.而有寒湿之偏胜。寒重者喜温喜热;湿胜者脘闷身困，舌苔厚腻.③辨体质:素体脾虚者；易感寒邪;湿盛者易伤生冷，而致湿困中焦。前者挟虚，后者属实.,理法概要寒湿困脾，中阳被遏，脾胃不和，纳化失司。,治疗重在散寒化湿，醒脾开胃,藿香正气散加减,藿香:10克;苏叶:10克;白芷:10克;陈皮:10克;半夏:10克;厚朴:9克;白术:12克;茯苓:15克;甘草:3克;生姜:3片;大枣:5枚;,TRUE
1538,厌食,恶食,宿食内停,临床表现厌食、恶闻食臭，或呕吐食物.嗳气酸腐.脘腹胀满，或大便不调，舌苔厚腻，脉滑。,辨证提要①辨证要点:恶闻食臭.嗳气酸腐.有伤食的病史。②辨病因:饮食所伤，有伤肉、伤面、伤酒和伤生冷之別.应详查病史而辨之。③辨病程:初得者多实多热;病久者多挟脾虚,理法概要暴饮暴食.食滞于胃.脾运不及，附滞气机,治宜消食化积。可因势利导，有上逆之者，吐而越之；存坚积形成者，导而下之;伤于生冷者，温而散之;食积化热者，清而泄之,保和丸加味,神曲:15克;焦山楂:15克;炒莱菔子:12克;陈皮:10克;半夏:10克;茯苓:12克;连翘:15克;,TRUE
1539,厌食,恶食,湿热中阻,临床表现不思饮食，厌油腻，脘腹痞闷，周身惓怠.大便溏而不爽，舌质红.苔黄腻，脉濡数。,辨证提要：①辨证要点：不思食，脘痞身困，多发于夏秋季节或素喜肥甘辛辣之人。②辨湿热孰轻孰重：热重于湿者，烦渴欲饮.舌红.苔黄、脉滑数:湿重于热者，脘腹痞闷.身困倦怠，渴不欲饮，苔腻微黄.脉濡数。③辨寒热：寒湿困脾和湿热中阻，二者同为湿邪致病；但性质不同，一寒一热。前者多因贪凉饮冷或素体脾虚而致寒湿内侵，中阳被困，证见纳呆不食.口粘不渴；舌淡苔白;后者多因过食肥甘辛辣蕴生湿热；阻滞中焦；证见脘闷纳呆，烦渴欲饮，大便不爽，舌红苔黄腻，脉数.,理法概要湿热内蕴，壅阻气机，脾胃不和，升降失调，纳化失司,治宜清热利湿，热重者以清热为主.湿盛者以利湿为要。既不可过用苦寒伤胃碍湿；亦不可过于香燥助其热势。,二仁汤加味,杏仁:12克;白蔻仁:12克;薏苡仁:30克;滑石:30克;通草:10克;竹叶:10克;厚朴:10克;半夏:10克;,TRUE
1540,厌食,恶食,肝脾不调,临床表现不思饮食.脘胁胀满或痛，嗳气频频，精神抑郁善太息，或烦躁易怒，舌苔薄白，脉弦。,辨证提要①辨证要点:不思饮食，脘胁胀满，每因情志因素而病加。②辨脾与胃：肝气犯胃与肝脾不调二者虽同属肝病，然有虚实之分。前者系肝气郁结，横逆于胃，胃失和降.肝胃气逆而见嗳气、呃逆等症；病多实多热;后者属肝郁脾虚，运化失职，证见纳呆，痞满，大便不实。,理法概要肝气郁结，气机不畅，脾失健运，治宜疏肝健脾。若属暴怒伤肝，横逆于胃者，治宜泻肝和胃。,治宜疏肝健脾。治宜泻肝和胃.,逍遥散加味,当归:12克;白芍:15克;柴胡:10克;白术:12克;茯苓:15克;炙甘草:6克;煨姜:5克;薄荷:3克;,TRUE
1541,厌食,恶食,胃阴不足,临床表现饥不欲食，胃脘嘈杂，唇干舌燥，口渴喜饮，大便干结，小便短少，舌红苔少乏津，脉细或细数。,辨证提要①辨证要点:饥不欲食.口渴喜饮.舌红、少苔，多见于热病后期或吐泻太过者。②辨气阴两虚证：胃阴不足，迁延日久，阴损及气者，可兼见气短懒言，神疲乏力；舌淡红，无苔。,理法概要胃阴不足.胃失濡润，不能腐谷化物而致饥不能食。,治宜养胃生津。,益胃汤加味,沙参:15克;麦冬:12克;生地黄:15克;玉竹:20克;冰糖:30克;花粉:30克;山楂:15克;生甘草:6克;,TRUE
1542,厌食,恶食,脾胃气虚,临床表现不思饮食，少食即胀，气短懒言.四肢倦怠，神疲乏力，甚则大便溏薄，舌质淡红；苔薄白，脉缓而弱。,辨证提要①辨证要点:不思饮食.少食即胀，神疲乏力。②辨病势:脾胃气虚日久，易致阳虚，而兼见四肢不温，畏寒喜暖等脾胃虚寒之象。若脾虚不食，气血生化乏源，日久而致气血两亏，证见形瘦神疲，面色无华，心悸等症。③辨虚实夹杂:若脾虚运化无力，而致水湿内停，证见身困乏力，泛恶欲呕;若脾虚不能化物，食滞于内可致脘腹胀闷，嗳气酸腐,理法概要脾胃虚弱，纳化无力。,治宜健脾益气，并视其病情，酌用温阳、化湿、消食等法,香砂六君子汤加味,党参:15克;白术:12克;茯苓:20克;陈皮:10克;半夏:9克;木香:6克;砂仁:9克;炙甘草:10克;,TRUE
1543,消渴,,燥热伤肺,临床表现烦渴喜饮，随饮随渴，口舌干燥，小便频数，大便干结，舌边尖红赤.苔薄黄，脉洪数。,辨证提要①辨证要点:本型多见于发病初期.起病急，病程较短，烦渴喜饮量多，口舌干燥。②辨虚实:烦渴多饮有阴虚失濡和燥热津伤的不同.前者为虚，后者为实。阴虚失濡多兼见小便频数，潮热颧红，盗汗，舌嫩红少苔，脉细数多为下消证；与本证烦渴喜饮.舌红脉数的燥热实证不同。,理法概要燥热内盛，伤及肺阴，肺失治节肃降之职.气化失常,治宜清热润肺，生津止渴,消渴方加减,天花粉:40克;黄连:6克;生地:30克;藕汁:30克;麦冬:15克;葛根:20克;知母:10克;,TRUE
1544,消渴,,胃火消中,临床表现多食易饥，口渴多饮.小便量多.形体消瘦.或大便秘结，苔黄燥，脉洪滑。,辨证提要①辨证要点:多食易饥，形体消瘦，苔黄燥，脉洪滑。@辨体质:本证常发于素体阳盛，体质壮实之人，易于化火生热。或上消不解引动胃火.皆为实热证。③辨转化:若病久热盛伤津，津伤阴亏，可见知饥少食.鼻咽干燥，舌红少苔，脉细数。若津伤及气.可致气明两虚。,理法概要胃火炽盛，消灼水谷.火盛伤津，肠道失濡。,治宜清胃润燥之法，不可攻下。,白虎加人参汤加味,石膏:30克;知母:20克;粳米:30克;甘草:10克;人参:10克;葛根:10克;黄芩:6克;芦根:15克;玄参:15克;麦冬:15克;,TRUE
1545,消渴,,脾胃气虚,临床表现食入量少；渴饮不多，溲清而甘；大便溏泻，体倦乏力，舌淡脉弱。,辨证提要①辨证要点:食入量少，渴饮不多，体倦便溏，见于病程较长.素体虚弱之人。②辨转化:脾胃气虚运化失职，精微直下，肾失所养，久则脾虚及肾，易转为下消之证。,理法概要脾气亏虚、运化失职，不能化生津液滋润脏腑而生消渴。,治宜健脾和胃，摄精生津。应选甘淡养胃升清之品，忌用温燥之法。,参芩白术散加味,党参:15克;白术:30克;茯苓:15克;白扁豆:30克;甘草:6克;葛根:15克;山药:30克;藿香:10克;黄连:9克;黄精:30克;,TRUE
1546,消渴,,阴虚火旺,临床表现尿频量多，尿甜小便混浊如脂膏，腰膝酸软，口舌干燥，烦躁失眠，午后低热，盗汗，遗精，舌红、少苔。脉细数。,辨证提要①辨证要点:小便混浊如脂膏，尿频尿甜量多，腰酸遗精。②辨诱因：多由劳欲过度或过服温热药物.致肾阴亏竭，龙雷火升发为消渴。本证以火旺阳亢为标，阴精亏竭为本.③辨有火无火:本证应与单纯的肾阴虚证相区别。两者虽皆有肾阴亏虚的表现.但在程度上有差别。本型阴亏严重，且火旺症状显著。治疗应合降火，引火归元之法。,理法概要本证肾阴不足是其根本.虽有火旺之象,治应壮水之主以制阳光，不可过用苦寒。,左归饮加减,熟地:30克;枸杞:15克;山药:40克;山茱萸:20克;茯苓:15克;玄参:10克;泽泻:20克;甘草:6克;肉桂:3克;,TRUE
1547,消渴,,阴阳两虚,临床表现小便频数量多色清，甚或饮一溲二，口渴少饮，面色黧黑或浮肿或消瘦，阳萎早泄或遗精，腰膝酸软，形寒肢冷，舌淡苔白，脉沉细无力。,辨证提要①辨证要点:小便频数量多色清。或饮一溲二，腰膝酸软，形寒肢冷.舌淡.脉沉细无力.②辨病势:本证多由下消证肾阴虚极，阴损及阳，致肾阳亦虚，为消渴病发展的严重阶段，预后较差。③辨兼夹:本型多见于消渴病的晚期，其病情复杂，多虚实错杂，或寒热夹杂.多表现为上、中、下消症状交错出现，须辨清标本先后主次。,理法概要肾中阴阳两虚.治当温阳益肾。正加《景岳全书》所说:“善补阳者；必于阴中求阳，则阳得阴助而生化无穷;善补阴者，必于阳中求阴.则阴得阳升而泉源不竭。,治当温阳益肾,肾气丸,附子:10克;肉桂:5克;熟地:40克;山药:30克;山萸肉:15克;丹皮:10克;茯苓:60克;泽泻:10克;,TRUE
1548,腹痛,,寒邪内积,临床表现腹痛卒然，疼痛剧烈，遇冷加剧，得温略减，大便溏薄，小便清利，口不渴，舌苔薄白，脉弦紧,辨证提要①辨证要点:起病急暴，遇冷加重，得温痛减，口不渴，②辨体质:素体脾虚，外感寒邪，更损脾阳，可兼见四肢不温，喜暖喜按;若素体肾阳不足，寒邪内侵，则兼见脐腹剧痛难忍，四肢厥逆;若体质尚可，外寒较甚，可兼身体疼痛，或恶寒。,理法概要本证为寒邪内侵，阳气不通，气血被阻所致,故治宜温中散寒.,正气天香散,干姜:10克；紫苏:10克；陈皮:10克；乌药:20克;香附:30克;,TRUE
1549,腹痛,,热结肠胃,临床表现腹痛暴急，阵发加剧.胀痛拒按.口干引饮，大便秘结.或下利臭秽，小便黄赤，舌苔黄腻或焦黄，脉弦数。,辨证提要①辨证要点:发病突然.阵发剧痛，胀满拒按，大便秘结。②辨转化:湿热食滞，壅积肠腑；气血凝滞，瘀热内结，肉腐成脓.酿成肠痈，症见右下腹处压痛明显，触及包块；发热呕吐，腹壁拘急。,理法概要本证乃热结肠胃，腑气不通所致。,故治宜清热通腑。,大承气汤,生大黄:12克;厚朴:9克;枳实:10克;芒硝:10克;,TRUE
1550,腹痛,,饮食停积,临床表现腹部胀痛拒按、食后加重，痛甚欲便，便后痛减，嗳腐厌食，甚则呕恶，舌苔厚腻，脉沉滑。,辨证提要①辨证要点:腹痛胀满拒按，厌食呕恶，食后痛重，便后痛减.②辨部位:本病证当与食积胃痛辨别。胃痛的部位在上腹胃脘近心窝处，而腹痛的部位则指胃脘以下，耻骨毛际以上部位发生的疼痛，二者是有区别的.,理法概要饮食不节，食积腹中，肠胃壅滞而致本证。,故治宜消食导滞。,保和丸加味,炒山楂:30克;半夏:10克;茯苓:30克;陈皮:12克;莱菔子:30克;连翘:10克;神曲:15克;川朴:12克;,TRUE
1551,腹痛,,气滞腹痛,临床表现腹部胀痛，攻窜不定，痛引两胁，或及少腹，忿怒痛增，得嗳气或矢气痛缓.舌苔薄.脉弦。,辨证提要①辨证要点:腹部胀痛，部位不定，痛引两胁或少腹。②辨部位:两胁及少腹乃肝经所布，故肝气郁滞则痛引两胁及少腹。,理法概要忧思恼怒，肝失疏泄，气机郁滞而致。,故治宜疏肝理气,柴胡疏肝散;芍药甘草汤加减,醋柴胡:9克;陈皮:10克;白芍:15克;枳壳:9克;川芎:6克;香附:9克;炙甘草:6克;,TRUE
1552,腹痛,,血瘀腹痛,临床表现腹痛如针刺，痛处固定不移拒按.或有积块.昼轻夜重，经久不愈，舌质紫暗，脉细涩。,辨证提要本证以腹痛如针刺，部位固定.痛处拒按为辨证要点。,理法概要瘀血停滞，络脉痹阻，不通则痛,故治宜活血化瘀。,少腹逐瘀汤加减,小茴香:6克;元胡:10克;当归:12克;蒲黄:9克;五灵脂:9克;川芎:9克;没药:10克;干姜:6克;官桂:6克;赤芍:12克;,TRUE
1553,腹痛,,脾胃虚寒,临床表现腹痛绵绵；时作时止，喜温喜按，按之痛减，大便溏薄，神疲气短；畏寒怕冷，舌质淡、苔薄白，脉沉细.,辨证提要①辨证要点:腹痛绵绵，喜温喜按，畏寒神疲。②辨病程:病属虚寒；多为久病或它病损伤中阳所致，故病程较长。,理法概要中阳虚弱，寒从内生，气血不畅，络脉失煦而致本证。,故治宜温中散寒。,小建中汤,桂枝:12克;芍药:15克;炙甘草:6克;大枣:5枚;生姜:6克;饴糖:30克;,TRUE
1554,霍乱,,寒湿证,临床表现暴起呕吐下利，初起泻下稀粪，继之下利清稀.或如米泔水，不复甚臭秽，腹痛或不痛，四肢清冷，胸膈痞闷，舌苔白腻，脉濡弱,辨证提要①辨证要点:起病急骤，下利清稀.或如米泔水，不甚臭秽.腹痛或不痛，四肢清冷，舌苔白腻。②辨病因：恣食生冷不洁或贪凉露衔.致寒湿浊之邪，困遏中焦，壅滞气机，清浊不分，乱于肠胃。③辨体质:素体中阳虚馁.脾不健运.复感寒纳凉，寒邪秽气.郁遏中焦，更伤脾胃，湿从寒化，清浊不分、乱于而成本病。④辨转化:寒湿霍乱，若迁延失治，吐泻过甚，伤律脱液，阳气衰微；可出现筋脉挛急，眼眶凹陷，指螺皱瘪，大汗淋漓.四肢冰冷等危重之证,理法概要本证由寒湿秽浊之气，壅滞中热，损伤脾智，清气不升，浊气不降，清浊不分而致。,治宜散寒燥湿，芳香化浊。,藿香正气散加味,藿香:30克;紫苏:15克;白芷:15克;大腹皮:15克;茯苓:30克;土白术:12克;陈皮:12克;半夏:12克;曲厚朴:12克;桔梗:12克;甘草:6克;,TRUE
1555,霍乱,,湿热证,临床表现吐泻骤作，吐下物皆胃腐臭味，口渴心烦，腹痛如绞，小便黄赤，头痛发热，舌苔黄腻脉濡数。,辨证提要①辨证要点：起病急.吐下酸腐，发热口渴，小便黄赤，舌苔黄腻脉濡数。②辨病因：春秋之际，暑湿蒸腾，若调摄失宜，感受时令之热，暑湿秽浊之邪由口鼻而入，直扰中焦。③辨体质:素体阳盛，或恣食辛辣、醇酒、厚味之物，温热内蕴，皆可使病从热化，而成湿热霍乱。④辨寒热真假:若湿热秽浊壅闭经络.以致阴阳不相顺接，热遏于内.而寒厥于外，出现四肢厥逆，手面唇甲皆青，身热自汗，脉象沉伏等热深厥深，真热假寒之象；临证不可不辨。⑤辨预后：湿热霍乱病情较其它证型为轻，病程较短，若治疗得当，预后较好。若至热深厥深阶段.延误治疗，则病可向寒厥转化，终至亡阳脱液，预后凶险。⑥辨类证:本证应与湿热泄泻相鉴別。湿热泄泻，吐而不剧或不吐，津伤不甚，与本证发病骤然，吐泻剧烈，津液暴失相异，可资鉴別。,理法概要本证为湿热秽浊藴遏中焦，气机逆乱所致,故治宜清热化湿，辟秽泄浊,燃照汤;蚕矢汤加减,滑石:15克;香豉:9克;焦山栀:9克;酒炒黄芩:9克;省头草:9克;川朴:9克;半夏:9克;白蔻:6克;晚蚕砂:12克;木瓜:9克苡仁:15克;大豆卷:15克;川连:6克;醋炒半夏:9克;酒炒黄芩:9克;通草:6克;吴萸:1.5克;炒山桅:9克;,TRUE
1556,霍乱,,干霍乱,临床表现卒然腹中绞痛，欲吐不得吐.欲泻不得泻.烦躁闷乱；其则面色青惨，四肢厥冷，脉沉伏。,辨证提要：①辨证要点:卒然腹中绞痛，欲吐不得吐.欲泻不得泻，烦躁闷乱。②辨病因：本证之由主要在于饮食先伤脾胃，复感秽浊之气，邪阻中焦，气机窒塞.上下不通而致。③辨预后：干霍乱因病邪无从排出.此乃霍乱中的重证、危证.如《伤寒明理论.卷中.霍乱》所云，干霍乱而死者多，以其上吐不得、下不得利，则所伤之物不得出泄，壅闭正气，关格阴阳，烦扰闷乱，躁无所安，喘胀而死,理法概要干霍乱为浊邪郁闭中焦，升降气机窒塞所致,治宜辟浊解秽，利气宣壅,王枢丹,山慈姑:90克;五倍子:90克;麝香:9克;雄黄:30克;朱砂:30克;续随子:30克;大戟:45克;,TRUE
1557,霍乱,,亡阴证,临床表现吐泻频剧，神疲乏力，目眶凹陷，指螺皱瘪.声音嘶哑.面色苍白，心烦口渴引饮，呼吸短促，尿少或闭，舌质干红；脉细数,辩证提要①辨证要点：吐泻剧烈.目眶凹陷.螺瘪、声哑、口渴、尿少或闭，舌质干红.脉细数。②辨病因：本证乃霍乱吐泻过甚，津液暴亡，出现一系列肾阴暴竭的证候。③辨转化：本证若不能及时控制，则易导致阳随阴脱之亡阳证,理法概要本证为霍乱吐泻频剧.津液大量丧失而致.,治宜益气养阴；生津救逆,生脉散,人参:10克;麦冬:12克;五味子:6克;,TRUE
1558,霍乱,,亡阳证,临床表现吐泻过剧，精神萎靡，四肢厥冷；汗出身凉，呼吸微弱，语声低怯，舌质淡.脉沉细或细微欲绝，至数不清。,辨证提要①辨证要点:吐泻剧烈，四肢厥冷，精神萎靡，汗出身凉，声怯息微，脉微欲绝。②辨诱因：本证为吐泻剧烈，津液大量丢失，阴损及阳.阳气衰微所致。③辨预后：本证预后甚差，为霍乱最危重证候。,理法概要本证为阴虚及阳，肾阳亏虚，阳气欲脱所致。,治宜回阳救逆。,通脉四逆汤,熟附子:12克;干姜:12克;炙甘草:6克;,TRUE
1559,泄泻,,寒湿下注,临床表现泄泻清稀，其或如水样.不甚臭秽、腹痛肠鸣.脘闷纳呆，恶心欲吐，口淡不渴，或肢体困倦，或恶寒发热，头痛而沉，肢体酸痛，舌苔白腻或薄白而润，脉濡缓或浮紧,辨证提要①辨证要点：发病急骤，泄泻清稀，腹痛肠鸣，纳呆泛恶，多发于夏秋季节。②辨诱因：若因恣食生冷不洁或露宿着凉而致者、每有寒、湿之偏盛，而少见表证。若初为大便清稀.旋即泻下如水样，肠鸣如雷，小便清白者，为寒重于湿;若大便稀薄而粘垢，恶心呕吐、体重肢倦，舌苔白腻者，为湿重于寒。若外感风寒而致者，则恶寒发热，头身疼痛等表证明显。③辨体质：素体脾虚者.脾阳更易受损，故每兼面色淡白，体倦乏力，手足不温，舌质淡，脉沉细等虚寒之象。④辨类证:本证若兼呕吐，应于寒霍乱相鉴別。寒湿暴泻以泻为主，吐而不剧，与寒霍乱之吐泻交作而剧烈，津液暴失大异,理法概要寒湿内困脾胃.损伤阳气，阻滞气机，脾胃纳运失司，肠失传化。湿滞交阻.水走肠间，而泄泻清稀。腹痛肠鸣,故治重淡渗利湿.同时伍用苦温燥湿，芳香化湿。并视偏寒、偏虚、兼表、挟食之不同，合用温阳、益气、解表、消导等法。,胃苓汤加减,苍术:15克;厚朴:10克;陈皮:10克;白术:12克;茯苓:20克;猪苓:12克;泽泻:12克;桂枝:6克;炙甘草:3克;生姜:12克;大枣:5枚;,TRUE
1560,泄泻,,湿热下迫,临床表现腹痛即泻，泻下急迫.势如水注，或泻而不爽.粪色黄褐而臭.身热心烦，口干口渴.肛门灼热.小便短黄，舌苔黄腻，脉濡数或滑数,辨证提要①辨证要点：腹痛即泻.粪色黄褐而臭，或泻而不爽，多发生于夏秋季节。②湿热孰轻孰重:热重于湿者，泻如水注。身热，烦渴欲饮。舌苔黄微腻，脉滑数；湿重于热者.泻而不爽，脘闷纳呆，渴不欲饮。舌苔厚腻微黄，脉濡数。③辨阴伤证：暴泻津必损，热重阴易伤，故本证极易出现阴伤现象。如眼眶凹陷，皮肤干枯松弛，口燥唇红，烦渴引饮，舌质红，少津等。④辨类证：《疫疹一得》所载“热注大肠”一证，与本证颇多相同，其“有下恶垢者，有利清水者，有倾肠直注者，有完谷不化者......，考其证，身必大热，气必雄壮，小水必短，唇必焦紫，大渴喜冷，四肢时而厥逆，腹痛不已”。此乃热毒为患，而无湿热可凭。,理法概要湿热下迫大肠，壅滞气机，传化失常，清浊不分，则痛泻由生，势如水注。泄泻为湿热自寻出路，虽有津伤之象，亦不能妄用滋补，以免恋邪，助其燎原之势。大泻如倾，气随津脱者，则急当益气固脱生津。,治当苦寒燥湿与淡渗利湿合用，以分消湿热。,葛根黄芩黄连汤加味。,葛根:30克;黄芩:9克;黄连:9克;车前子:15克;薏苡仁:30克;滑石:30克;甘草:9克;,TRUE
1561,泄泻,,暑湿蕴蒸,临床表现泻下清稀色黄.腹痛肠鸣，头昏而闷，心烦不宁，口渴不欲饮，泛恶欲吐.多汗乏力，面赤而垢.小便短赤，或发热恶寒，头痛，身重疼痛.舌苔黄腻，脉濡数。,辨证提要①辨证要点:泻下清稀色黄，多汗乏力，头昏烦渴，呕恶、夏令发病。②辨暑湿泻与湿热泻:两者证候虽相似，但暑湿泻发病季节性强，多发生于复至以后，立秋之前，且具有多汗少气，心烦乱不宁.面赤而垢之暑热伤气和暑性升散等证候特点。③辨伤暑与伤寒：避暑纳凉.阳为阴遏，而兼头痛身痛，恶寒发热等症者，易误诊为伤寒泄泻。此为阴暑泄泻，必夏令发病，暑、湿之证互见，可资鉴别。,理法概要暑湿中阻，脾胃受损，壅遏气机，升降失司，清浊混杂，直趋大肠而作泻。,治当以清暑化湿为法。湿邪偏重者，重用芳香化湿，俾湿去则热易透达于外;暑邪偏盛者.则以清暑为主，芳化为辅.湿热并重者，合苦辛通降法，以分解湿热。,香薷散;六一散加味,香薷:12克;白扁豆:30克;厚朴:9克;黄连:6克;滑石:30克;甘草:5克;,TRUE
1562,泄泻,,饮食所伤,临床表现泻下粪便臭如败卵.伴不消化之食物残渣.腹胀痛拒按，泻后痛减，或泻而不畅，脘痞肠鸣，呕吐厌食，嗳气酸腐，舌苔垢浊或厚腻.脉滑。,辨证提要①辨证要点：伤于饮食后发病，泻下臭如败卵，腹胀痛拒按，泻后痛减，厌食。②辨病因:饮食之伤，有伤肉食，伤面食，伤米食，伤生冷和伤酒之別；应追溯病史辨祈之。③辨病位:食滞作泻，病虽在胃肠；但偏重于肠，若吐、利并见，兼胃脘胀满，嗳腐频作等上逆之象者，则属肠胃并伤。④辨病程:暴饮饮食，多实多热，积滞日久.或克伐过猛.则每见脾虚湿阻、积饮、蕴痰之变。⑤辨体质:食滞中焦，每因体质强弱之不同，而兼积热或脾虚之象，若素体强壮或胃热毒盛者，则食积易于化热，兼见泻下不爽，口臭心烦，手足心热，苔黄厚或黄腻。若素体脾虚者，则脾气愈虚，而见脘闷纳差，食后胀甚，泄泻时作时止，倦怠乏力，舌淡苔腻等证。⑥辨伤食与停食:两者虽俱可表现为呕、痛、胀、泻、嗳气、厌食等症，但伤食者偏重于食，必有伤食病史，治重或吐或下或消；停食者重在气，责诸平素胃气不和，偶遇饮食稍不慎，即易停积为患，治重理气兼消,理法概要饮食不节，宿滞肠胃，脾运不及，气机不畅，清浊杂下，而作泄泻。,治当消食，导滞，损其饮食。有上逆之势者.酌以吐法引而越之;有坚结之形者，又当消导泻下合施。,保和丸加味,神曲:15克;焦山楂:15克;炒莱菔子:10克;陈皮:9克;半夏:6克;茯苓:12克;连翘:9克;,TRUE
1563,泄泻,,脾胃气虚,临床表现大便时溏时泻，水谷不化，饮食稍有不值或偶遇劳倦则便次辄增，脘闷纳呆，腹胀肠鸣，食后胀甚，面色萎黄.肢体倦怠，少气乏力，舌质淡、苔腻、脉象缓弱,辨证提要①辨证要点:泄泻反复发作.大便溏薄.饮食稍有不慎即泄泻.体倦乏力。②辨病势:泄泻日久.每致脾胃阳虚或中气下陷。因其皆以脾气虚为共性.故当同中求异脾胃阳虚者，泻下清稀如鹜溏，甚或完谷不化，腹痛隐隐，喜暖喜按，手足不温，口淡不渴，舌淡苔白；脉沉迟。中气下陷者，大便稀薄，便意频频，或滑泻不禁，或脱肛不收，头晕目眩.舌淡苔白.脉虚弱。若脾虚不复，穷必及肾.而易兼肾阳受损之象。③辨虚实夹杂:脾胃虚弱，纳少化迟，水反为湿，谷反为滞，或湿郁化热，肠络受损，而易见挟湿、挟食、挟湿热等证。若挟湿者，食已即泻，泻下清稀，腹胀肠鸣，泛恶欲吐，门淡不渴.头身因重，小便短少，舌淡胖苔白腻，脉象濡弱。挟食者，脘腹痞闷胀痛，泻下不爽，或完谷不化，嗳气厌食，舌苔厚膩，脉偏滑。挟湿热者，泻而不尽，有后重之感，大便溏薄色黄；间有粘液，腹痛肠鸣.舌苔黄膩，脉濡数,理法概要脾胃气虚，纳运失司，升降反作；清浊不分，而致溏泻。或湿滞留恋曲肠，而致泄泻顿固难愈。《赤水幺珠全集)治此倡“先夺食而益气，便与升阳先助真气，次用风药化湿，以助升腾之气”,故当以益气健脾.化湿和中为法.佐用升发脾阳，风药胜湿,参苓白术散加减。,党参:15克;茯苓:12克;白术:15克;白扁豆:30克;陈皮:9克;山药:20克;薏苡仁:30克;莲子肉:9克;砂仁:6克;桔梗:6克;防风:3克;炙甘草:9克;,TRUE
1564,泄泻,,肝脾失调,临床表现素有食少，脘胁胀闷，嗳气，每因恼怒或情绪紧张之时，即腹痛阵作；泻而不畅，泻后痛减.矢气频作，舌淡红苔薄白，脉弦。,辨证提要①辨证要点:泄泻每因情志刺激而发，腹痛即泻.泻而不畅，泻后痛减。②辨肝郁乘脾与脾虚肝贼:应从原发、继发、偏虚、偏实角度辨析之，肝郁乘脾者，本诸肝盛，始发在肝，后及于脾，证偏实而易化热。证以泡沬溏便，间杂未消化的食物残渣.腹痛肠鸣，矢气频多，脘胁胀痛为特征。脾虚肝贼者，责诸脾虚.虚则易为木乘而脾气益伤，始发于脾，后及于肝，证偏于虚而易生湿。证以大便清稀，完谷不化，肠鸣时作，脘腹隐痛，病程较长为特征。常伴而黄少华。倦怠乏力，肛门空坠等症。③辨风木行胃：此咎在郁火伤阴、肝风乘”犯脾胃，伤及纳化，乱其气机，升降失常，泄泻乃作。即王孟英所谓“风木行胃”作泻之理。证偏热偏实，以痛泻阵作，泻下次多量少，色黄而臭，脘胀纳盖，泛吐酸水为特征。兼见眩晕耳鸣，心烦失眠.口苦口干，舌质红、苔薄黄中腻，脉弦细数。,理法概要肝郁乘脾，健运失常，气机逆乱，痛泻由生。“泻责之脾，痛责之肝，肝责之实，脾责之虚，脾虚肝实.故令痛泻，(《医方考》），治重抑肝扶脾。审其肝郁脾虚之主次，或疏肝以实脾，或培上以抑木。健脾不可呆滞而碍中枢，疏肝不可妄投燥烈而煽风阳，如是才能避免肝愈强脾愈伤之害。,治重抑肝扶脾，审其肝郁脾虚之主次，或疏肝以实脾，或培上以抑木,痛泻要方;四逆散加减,白术:15克;白芍:20克;炙甘草:9克;防风:3克;柴胡:9克;枳壳:9克;陈皮:9克;,TRUE
1565,泄泻,,脾肾阳虚,临床表现久泻不止，黎明之前脐腹隐痛.旋即肠鸣作泻.泻下清稀或完谷不化、泻后则安，腹部畏寒，喜暖喜按，脘闷纳差，倦怠乏力，寒肢冷.腰膝酸软，舌淡、苔白，脉沉细无力。,辨证提要①辨证要点:五更作泻.反复发作，大便清稀，完谷不化，形寒肢冷.腰膝酸软。②辨寒痼病冷:其证久泻不止，腹中冷痛，遇寒则痛泻益增.脉象沉迟，或畏寒乏力等。其酷似脾肾阳虚，俱此证腹痛而拒按，便下不畅，脉沉迟而有力，形体不衰，投温补则痛剧而泻不除.不难辨别。③辨五更泻实证：五更泻行虚实之分.不可徒以肾阳虚印定眼目.而泥于温涩。《症因脉治》云:“五更泻多属肾虚。然亦胃酒积、寒积、食积、肝火不同”可供临床参考。大凡泻而不爽，泻下臭甚，腹痛拒按，口苦或粘賦，脉或滑或弦而有力者，多属实证。并据饮食寒冷所伤，或情志所伤之殊鉴别不间证情。,理法概要泄泻日久，脾虚及肾，或肾阳虚衰，脾阳失助.以致阴寒极盛，水谷不化、五更之时，当升之清阳反转为下降之势，故应时而泄。,治当温肾健脾，涩肠止泻。,四神丸;附子理中汤加减,补骨脂:12克;吴茱萸:9克;肉豆蔻:12克;五味子:9克;附子:9克;党参:15克;白术:15克;干姜:9克;炙甘草:6克;,TRUE
1566,泄泻,,大肠滑脱,临床表现久泻不止，滑脱不禁，或脱肛不收，食后少顷即泻，脐腹隐痛.喜暖喜按.不思饮食，神疲畏寒，面色苍白；气短乏力，舌淡、苔白，脉沉细无力。,辨证提要①辨证要点：久泻不止，滑脱不禁或脱肛不收.脐腹隐痛.神疲畏寒。②久泻滑脱不禁与肌肤枯燥，神疲嗜睡.脉微细，舌淡.少苔并见者.为阳衰阴竭。,理法概要久泻滑脱，咎在脾肾虚寒，不能固摄。即《景岳全书》所云:“脾弱者.因虚所以易泻，因泻所以愈虚，盖关门不固，则气随泄去”。愈泻愈虚，终致元气下陷，大肠滑脱不收，治宗“散者收之”，“滑者涩之”之旨，复参《济生方》“补脾不如补肾，肾气若壮，丹田火经上蒸脾上，脾土温和，中焦自治”之说,治以立涩肠固脱.温肾健脾法.,八柱散;桃花汤加减,附子:9克;人参:9克;干姜:15克;白术:15克;炙甘草:9克;罂粟壳:3克;诃子:9克;肉豆蔻:9克;赤石脂:20克;梗米:20克;,TRUE
1567,泄泻,,寒热错杂,临床现大便溏薄，或泻下不爽，杂有白色粘液.时作时止.胃脘痞满，腹胀肠鸣，泻下始安，食欲不振，恶心欲吐，面色苍白，神疲乏力，舌质淡苔黄腻，脉滑数。,辨证提要①辨证要点:大便溏薄，或泻下不爽，杂以粘液，胃脘痞满，神疲乏力，舌质淡苔黄腻。②辨偏热偏寒:证偏于寒者，肠鸣较甚，脐腹冷痛时作，大便溏薄，便行爽利而无粘液。证偏于热者，胃脘痞满而不痛，肠鸣不甚，大便稀溏，间杂枯冻，泻下不爽。③辨脾阴亏损:泄泻日久，质薄量少，泻下不爽，伴口唇燥红。口干欲饮，饮水腹胀，身热心烦，舌红苔黄.脉细弱。本证易误诊为寒热错杂证，然其苔黄而不腻，便溏而无粘液，便次多而无肛门灼热，且口干唇燥，饮水腹胀等脾阴虚证象显著，可资鉴别。④辨土寒木热:泄泻寒热错杂病在脾胃，若久泻不已，胁腹疼痛，泛酸呕吐，时觉饥嘈，食则不舒；四肢欠温，舌边红绛，苔白中黄，脉弦细者，证属脾胃虚寒，肝木郁热。,理法概要脾胃虚寒则升降失司，大肠湿热则壅滞气机，寒热错杂，清浊难分，而致泄泻脘痞。即《灵枢.师传》所云:“胃中寒肠中热，则胀而且泄。”,治当辛开苦降，以顺应脾胃之升降，而宣畅气机，两解湿热。苦辛相合，则辛开无助热之弊，苦降无损阳之害，相得益彰。发作时以苦寒燥湿清热为主，缓解时以辛开升阳温脾为主。,半夏泻心汤加减,半夏:9克;干姜:6克;党参:9克;黄连:9克;炙甘草:6克;大枣:5枚;黄芩:9克;,TRUE
1568,痢疾,,湿热痢,临床表现腹痛、里急后重.痢下赤白脓血.或为粘冻，或初起一、二日为水泻，继之转为脓血便，肛门灼热，小便短赤，舌苔黄腻，脉滑数。,辨证提要①辨证要点:痢下赤白腋血.腹痛、里急后重，肛门灼热，小便短赤。②辨湿重、热重：热重于湿见痢下赤多白少，口渴喜冷饮;湿重于热见痢下白多赤少，口不渴，脘闷。③辨预后转归：本证多为新发猝病，病程短.预后好。但若治疗失当，致湿热鸱张，上攻于胃，呕吐不食、可成噤口痢。或迁延不愈，成为阴虚痢。或寒凉太过而致热从寒化，转为寒湿痢。,理法概要湿热积滞，蕴结肠中，传导失司，气血阻滞.肠中血络脂膜受损为其基本病机.,治宜清热燥湿导滞；调气行血和营。,芍药汤加银花,黄连:6克;黄芩:9克;大黄:9克;当归:9克;芍药:15克;槟榔:5克;木香:6克;官桂:4克;甘草:5克;银花:20克;,TRUE
1569,痢疾,,疫毒痢,临床表现发病急骤，痢下鲜紫脓血，腹痛，里急后重.壮热口渴，头痛烦躁，舌质红绛、苔黄燥，脉数;或先见高热神昏，后见下痢之证。,辨证提要①辨证要点:发病急骤，痢下鲜紫脓血伴高热和神志症状。②辨病势、预后、转归:本证病势重急；变化迅速，在诸痢中预后最为凶险。.除可见神昏动痉外，若疫毒上攻于胃，可成噤口痢;治疗不彻底，也可转为休息痢。,理法概要感受湿热毒邪。热毒壅盛肠道，燔灼气血，耗伤津液，为疫毒痢的主要病机。,治宜清热凉血解毒,白头翁汤,白头翁:12克;黄柏:9克;黄连:9克;秦皮:9克;,TRUE
1570,痢疾,,寒湿痢,临床表现痢下赤白粘冻，白多赤少，或纯为白冻.腹痛、里急后重，口淡乏味，脘闷不渴，头重身困.舌淡、苔白腻，脉濡缓,辨证提要①辨证要点:痢下白冻，白多赤少，口淡不渴，舌淡，苔白腻，②辨体质：本证患者，多为素体阳虚。如《景岳全书.痢疾》说，以胃弱阳虚，而因寒伤脏者，此辈极多，”③辨预后转归:本证日久，脾肾亏虚，可转化为虚寒痢或休息痢。若脾阳虚弱，胃家虚冷，上逆呕吐不食，可成噤口痢。,理法概要寒湿客于肠胃，气血滞涩，肠中津液凝滞，运化失常，传导失司，是寒湿痢的主要病机,治宜温中燥湿，散寒导滞,不换金正气散加味,藿香:9克;苍术:9克;厚朴:9克;陈皮:10克;半夏:9克;甘草:3克;生姜:3片;大枣:4枚;,TRUE
1571,痢疾,,噤口痢,临床表现下痢不能食，或呕不能食;实证兼有呕逆胸闷，纳呆口秽，舌苔黄腻，脉滑数;虚证兼呕恶不食，或食入即吐，形体消瘦，舌淡，脉细弱。,辨证提要①辨证要点:下痢不能食;或呕不能食.即为噤口痢。②辨虚实:噤口痢有虚有实，又往往虚实夹杂。—般而言，暴痢不能食多实，久痢不能食多虚.,理法概要实证多由湿热或疫毒蕴结肠中，上攻于胃，胃失和降所致。治宜泄热和冑，苦辛通降。虚证多因脾胃素弱，或久痢伤胃.胃虚气逆所致。,治宜健脾和胃，降逆止呕。,开噤散加减,人参:6克;黄连:9克;石菖蒲:9克;丹参:12克;石莲子:9克;茯苓:15克;陈皮:9克;冬瓜子:30克;荷叶蒂:30克;陈米:30克;,TRUE
1515,痢疾,,噤口痢,临床表现下痢不能食，或呕不能食;实证兼有呕逆胸闷，纳呆口秽，舌苔黄腻，脉滑数;虚证兼呕恶不食，或食入即吐，形体消瘦，舌淡，脉细弱。,辨证提要①辨证要点:下痢不能食;或呕不能食.即为噤口痢。②辨虚实:噤口痢有虚有实，又往往虚实夹杂。—般而言，暴痢不能食多实，久痢不能食多虚.,理法概要实证多由湿热或疫毒蕴结肠中，上攻于胃，胃失和降所致。治宜泄热和冑，苦辛通降。虚证多因脾胃素弱，或久痢伤胃.胃虚气逆所致。,治宜健脾和胃，降逆止呕。,香砂六君子（或参苓白术散）加生姜汁,人参:10克;白术:10克;茯苓:10克;炙甘草:6克;木香:6克;陈皮:10克;半夏:10克;砂仁:6克;生姜汁:适量;,TRUE
1572,痢疾,,休息痢,临床表现下痢时怍时止，经久不愈，发作时大便夹有赤白粘冻，里急后重，平时倦怠嗜卧，腹胀纳差，每因饮食不当，或起居不慎，或劳累过度，或思虑郁怒，或感受外邪而诱发，舌质淡、苔腻，脉弦细。,辨证提要①辨证要点:下痢时作时止为其要点。②辨病因：多有初病治疗不彻底，或失治误治史，发作多有诱因。③辨虚实:本证多虚实夹杂,理法概要痢疾初发，治疗不彻底，湿热积滞内恋，脾胃正气虚弱，大肠传导失司是休息痢的主要病机。本证虚实夹杂,治宜健脾益中，消积化滞,资生丸,人参:6克;白术:10克;茯苓:15克;扁豆:15克;山药:15克;莲子肉:10克;薏仁:10克;砂仁:6克;桔梗:6克;甘草:3克;藿香叶:10克;白蔻仁:6克;橘红:10克;山楂:15克;麦芽:15克;神曲:15克;黄连:5克;泽泻:12克;,TRUE
1573,痢疾,,虚寒痢,临床表现久痢不愈，痢下清稀，带有白冻，腹痛绵绵，喜温喜按，口淡不渴，食少神疲，四肢不温，腰酸怕冷，甚或四肢逆冷，滑脱不禁，或伴脱肛下坠，舌淡，脉细弱。,辨证提要①辨证要点:久痢不愈，痢下清稀.带有白冻，伴食少神疲，腰酸怕冷等脾肾阳虚征象。②辨体质、预后:本证患者.多为脾肾素弱之体。若日久不愈，可成噤口痢重证,理法概要脾肾阳虚，寒湿阻滞为基本病机,治宜温补脾肾，收涩固脱,真人养脏汤加减,白芍:15克;当归:10克;白术:10克;人参:6克;甘草:6克;木香:6克;诃子肉:12克;罂莱壳:6克;肉桂:6克;肉豆蔻:12克;生姜:3片;大枣:5枚;,TRUE
1574,痢疾,,阴虚痢,临床表现痢下赤白脓血，粘稠如冻，量少难出，腹痛绵绵，虚坐努责，心烦，口干，午后低热，神疲乏力.舌红少苔，脉细数。,辨证提要①辨证要点:痢下量少难出.午后低热.舌红少苔，脉细数②辨病因、体质:本证多由湿热伤阴，或素体阴亏；久痢不愈所致。③辨预后转归:本证日久不愈，也可演变成噤口痢。,理法概要阴液既虚，余邪未尽是阴虚作痢的病机特点，治疗此证，清泄余邪与扶养阴液，两者不可偏废。但临床应视阴虚与余邪孰转孰重，灵活运用。,治疗此证，清泄余邪与扶养阴液，两者不可偏废。,驻车丸加味,黄连:9克;当归:12克;干姜:5克;阿胶:10克;,TRUE
1575,便血,,胃中积热,临床表现便血色紫黯或紫黑，口苦，口渴喜冷饮.胃脘闷胀作痛，伴有灼热感，时有烦躁，头昏目眩，大便干，舌燥苔黄，脉数。,辨证提要①辨证要点:大便下血紫黯或紫黑，口干喜冷饮，便干，舌燥，.脉数。②辨病因:平素嗜食辛辣，火热内蕴于胃，发病前有饮食不节史。③辨病位：出血部位在胃、十二指肠。④辨顺逆:起病急.出血量多，伴呕血，神疲乏力，冷汗出，头晕心慌，予后不佳。出血量少，经治疗很快出血被止，或出血量虽多，但正气尚未衰竭者，为顺，预后较好,理法概要火邪热毒内蕴于胃，灼伤胃络，耗血动血，血溢脉外，下注大肠而便血。,故治疗宜清胃泻火，凉血止血,泻心汤;十灰散加味,大黄:6克;黄连:9克;黄芩:9克;焦栀子:10克;丹皮:10克;茜草根:12克;侧柏叶:10克;大蓟:15克;小蓟:15克;,TRUE
1576,便血,,热毒内结大肠,临床表现便血鲜红，腹痛，肛门灼热，口干口燥，大便秘结或不爽，舌红、苔黄，脉滑数。,辨证提要①辨证要点:便血鲜红，肛门灼热，口燥为其临床特点。②辨病位:出血部位多在回肠、小肠.大肠。③辨类症：痔疮、肛裂大便下血，血色虽亦鲜红，但痔疮下血伴肛门坠胀.有异物感;肛裂则有撕裂样疼痛；下血如溅或滴下；便后肛门疼痛。痢疾亦可见下痢纯血鲜赤；但伴腹痛，里急后重，本证便血，除肛门部有灼热感外，无以上症状，故应辨别清楚。,理法概要火邪热毒，蕴结大肠，灼伤血络。火热邪毒为主要矛盾,治宜清热解毒.凉血止血为法。,约营煎加减,黄芩:9克;地榆炭:15克;槐花:12克;炒荆芥:10克;生地:15克;赤芍:12克;乌梅:2枚;黄连:6克;大黄:10克（另包后下）;续断:9克;甘草:3克;,TRUE
1577,便血,,湿热蕴结肠道,临床表现大便下血，血色不鲜或紫黑.大便粘滞不畅或溏，腹部隐痛；胸膈胀闷.饮食减少，舌苔黄厚腻.脉象濡数。,辨证提要①辨证要点:血色污浊，或先血后便.舌苔黄腻，具有湿（大便粘滞不爽、苔腻）和热(苔黄、脉数）的特点。②辨病因:平素嗜食肥甘厚味.或感受湿热之邪，致湿热内蕴肠道。③辨病程:湿为阴邪，其性粘滞，故病程缠绵.不易速去。④辨湿热孰轻孰重:湿重于热，除便血污浊、大便溏或不爽外，伴胸闷、纳呆、苔厚腻;热重于湿.便血不鲜，肛门灼热；口干不欲饮，舌苔黄厚腻脉数。,理法概要恣食肥甘厚味，湿热蕴结大肠，损伤脉络，血随便下。,治疗宜清热化湿.凉血止血,地榆散;赤小豆当归散加味,地榆:15克;茜草:9克;山栀子:9克;黄芩:10克;黄连:6克;茯苓:15克;赤小豆:9克;当归:9克;,TRUE
1578,便血,,脾不统血,临床表现便血时多时少，时下时止.血色紫黯或紫黑，面色无华，头晕目眩.神疲乏力；纳谷不香，舌淡、苔白，脉细弱。,辨证提要①辨证要点:便下血色紫黯，伴面色无华，神疲乏力，脉细弱等气虚之象。②辨病因：平素脾胃虚弱，或久病体虚，或劳倦内伤，或饮食不节以致脾气虚衰，不能统血亦有便血经久不愈，由实转虚，渐致气不摄血者。③辨病性:脾不统血属虚证，与火热内盛、湿热内蕴、迫血妄行不同，本病无热象。,理法概要《景岳全书；血证》云:“盖脾统血，脾气虚则不能收摄；因而脱陷妄行“，故脾虚不统血为本证的主要病机。,治疗宜健脾益气，养血摄血。,归脾汤加味,党参:10克;黄芪:12克;白术:10克;茯神:15克;酸枣仁:10克;桂圆肉:10克;木香:6克;炙甘草:5克;当归:10克;远志:10克;大枣:5枚;,TRUE
1579,便血,,脾胃虚寒,临床表现大便下血，血色紫黯或黑，脘腹隐痛.喜暖喜按，怯寒肢冷，食欲减退.大便溏泄，舌质淡、苔薄白，脉沉细无力。,辨证提要①辨证要点:下血色黯，怯寒肢冷，便溏，脉沉细，表现中焦虚寒之象。②辨病程:本证病程长，多从他病或本病失治、误治而来。③辨病位：出血部位多在肠之上端，便下之血多黯。,理法概要脾胃素虚或饮食不节.损伤脾胃以致脾胃虚弱，统血无权，血由肠道渗出;或便血日久不已，渐至阳衰，阳衰则阴阳不相守也，血亦错行，所谓阳虚阴必走者是也。遂生便血。中焦脾虚寒盛为本证之本,治疗宜温补脾胃，坚阴止血.,黄土汤,伏龙肝:60克;干地黄:9克;白术:9克;附子:9克;阿胶:9克;黄芩:9克;,TRUE
1580,便秘,,肠胃积热,临床表现大便干结，数日不通，腹部胀满，按之作痛，小便短黄，口干口臭，面红心烦或有身热，舌质红，苔黄燥，脉滑数。,辨证提要①辨证要点:大便干结，数目不通，腹部胀满疼痛。②辨体质:素体阳盛者，胃阴更易受损，故易兼口燥咽干、口渴、舌质红少津等胃阴亏损之象。③辨类证:本证应与阳明腑实证相鉴别.阳明腑实证腹痛拒按明显，伴日晡潮热，或有谵语，而单纯的肠胃积热便秘则无。,理法概要热邪蕴积肠胃，灼伤津液，热邪与燥屎结于肠道，腑气不通，而致便秘。,治宜清热润肠通便,麻子仁丸加减,大黄:9克;麻子仁:15克;枳实:9克;厚朴:9克;杏仁:6克;白芍:12克;白蜜:15克;,TRUE
1581,便秘,,气机郁滯,临床表现大便秘结，欲便不得，精神抑郁，噫气频作，胸脘痞闷，腹中胀痛，妇人可见经来乳胀，舌苔白腻，脉弦。,辨证提要①辨证要点:大便秘结，欲便不得.腹中胀痛.噫气频作。②辨类证:本证若气郁化火可有热象，应与肠胃积热证相鉴别，二者虽均为实证，但病史不同，症状有异，不难辨别。,理法槪要情志不舒，肝脾气郁，气失升降.大肠传导失职而为便秘。,治当舒肝理脾，降气通便。,六磨汤加减,沉香:6克;木香:9克;乌药:12克;槟榔:9克;枳实:9克;大黄:5克;,TRUE
1582,便秘,,脾肺气虚,临床表现虽有便意，便排解困难；用力努挣则汗出短气，大便多不千硬.面色苍白，倦怠懒言，便后疲乏益甚，舌质淡、苔薄；脉虚,辨证提要①辨证要点:有便意但努挣不出，大便多不干硬。②辨病势:便秘日久，气虚及阳或气虚下陷，每致脾阳虚或中气下陷。脾阳虚者.兼手足不温，腹痛隐隐.喜按喜暧.口中和，舌淡、苔白，脉沉迟。中气下陷者.兼肛门重坠.或脱肛不收，头晕口眩，舌淡苔白，脉虚弱。③辨虚实夹杂：脾胃之气虚则纳少化迟，水反为湿；谷反为滞.而易兼挟湿.挟滞之实象。,理法概要脾肺气虚，大肠传导无力，糟柏内停；而为便秘。,治当以益气润肠为法，或据其兼证之别，伍以温中、升提，温肾、化湿、养血。,黄芪汤加减,黄芪:20克;白术:20克;火麻仁:15克;白蜜:20克;陈皮:9克;,TRUE
1583,便秘,,阴血亏虚,临床表现大便燥结，面色萎黄、头晕口眩，唇甲淡白，心悸，或有耳鸣，腰膝酸软，口干，苦淡红苔少.脉细或细数。,辨证提要①辨证要点:大便燥结，面色萎黄，眩晕心悸。②辨阴虚与血虚孰轻孰重:阴虚重者.多伴行内热之症，如颧红；五心烦热，舌红少苔.脉细数。血虚重者，多伴血虚失荣之象，如面色萎黄，唇甲淡白，心悸，舌淡，脉虚。③辨病因：若热病后期，或汗、吐、下、利小便太过所致者.多属津亏；久病、产后失血过多面致者，多为血虚。,理法概要血虚阴亏，大肠失于濡润，糟粕涩滞难行，则大便秘结。,治当养血滋阴.润肠通便.如虚热之象明显，可配用滋阴清热之法,润肠丸加减,生地:15克;油当归:12克;火麻仁:12克;桃仁:9克；枳壳:6克;熟首乌:15克;,TRUE
1584,便秘,,脾肾阳虚,临床表现大便艰涩.排出胃难.腹中冷痛.喜热怕冷.四肢不温.腰膝酸冷，面色苍白，小便清长。舌质淡、苔白，脉沉迟或微涩。,辨证提要①辨证要点：大便艰涩.排出困难，腹中冷痛。②辨阴阳俱虚：本证若温燥太过，耗其津液.或阳损及阴，可见阴阳并虚之证。,理法概要脾肾阳衰.阳气不布.肠道失煦，阴寒凝滞，大肠传导失职.或阳不布津，肠道涩滞而致大便艰涩，排出困难。,治当温补脾肾之阳，润肠通便并举。,温脾汤加减,附子:9克;大黄:5克;干姜:12克;党参:15克;肉苁蓉:15克;当归:12克;肉桂:5克;木香:9克;,TRUE
1585,虫证,,蛔居肠中,临床表现脐腹疼痛，时作时止.鼻孔作痒，睡中咬齿，流涎.不思饮食，面黄饥瘦，舌质红、苔黄微腻.脉滑。,辨证提要①辨证要点:脐腹周围疼痛，时作时止，伴面黄饥瘦。②辨病因:进食生冷不洁瓜果之品，损伤脾胃。湿热内生.滋生蛔虫。,理法概要蛔虫居于肠中.扰乱脾胃气机，吸食水谷精微，使人体营养日亏，气血渐耗而致诸症,治疗以驱除蛔虫，调理脾胃气机为原则。,化虫丸加减,鹤虱:10克;槟榔:12克;苦棟根皮:12克;铅粉:0.15克;使君子:15克;芜荑:6克;,TRUE
1586,虫证,,蛔结阻塞,临床表现腹胀痛，无矢气，不大便，腹部可触及条索状的软包块，恶心呕吐，舌质红，苔黄厚，脉滑数。,辨证提要①辨证要点：腹部胀痛，无矢气，不大便.恶心呕吐，腑气不通，上下关格。②辨病史：曾有蛔虫病史，蛔虫过多，或服用驱虫药驱虫不当。,理法概要蛔虫缠结成团形成虫瘕，阻滞肠道，使气血不畅，腑气不通，升降悖逆，上下关格。,治宜通里攻下，行气活血，驱虫导滞。,复方大承气汤,芒硝:15克（另包后下）;厚朴:12克;大黄:10克;莱菔子:15克;枳壳:10克;桃仁:9克;赤芍:12克;,TRUE
1587,虫证,,蛔虫上扰,临床表现脐腹疼痛，胃中嘈杂，恶心吐蛔;或是大便泄泻，肠鸣，手足不温;或见身热烦燥，面赤口渴，心烦，舌红脉细,辨证提要①辨证要点：胃中嘈杂，恶心吐蛔。②辨寒热:若中阳不足，寒从内生，蛔虫畏寒，四处窜动则腹痛；吐蛔.大便溏，肠鸣，畏寒神怯，手足不温，若肝胃热盛，虫不安定，上窜乱动则腹痛，身热.面赤，口渴，溲赤，舌红，脉数。,理法概要胃热或脾寒，虫不安位，上窜入胃，阻滞气机，升降逆乱。,治疗以安蛔驱蛔为主。,乌梅丸,乌梅:15克;细辛:5克;干姜:9克;黄连:15克;当归:10克;附子:6克;蜀椒:6克;桂枝:9克;人参:10克;黄柏:9克;,TRUE
1588,虫证,,蛔厥证,临床表现卒然发作的胃脘及右胁部剧烈疼痛，痛引肩背.痛剧时弯腰屈膝，辗转不宁，恶心呕吐，常有蛔虫吐出，汗出肢冷.痛止如常人，苔薄，脉沉弦或沉伏。,辨证提要①辨证要点:卒然发作的右胁剧痛，上腹部及右胁有压痛，腹软，痛止如常人，有吐蛔，便蛔史。②辨类证:蛔厥应与肠痈相鉴别:肠痈腹痛，腹痛开始多在上腹部或脐周，继之固定在右下腹部，腹痛拒按，压痛，反跳痛，痛点固定，或右腿屈曲而不能伸，初起多伴有恶寒发热、恶心呕吐。,理法概要肠中蛔虫妄动，窜入胆逍，致肝胆郁闭.气机被阻，血行不畅，不通则痛。,治疗宜安蛔定痛，驱除蛔虫。,乌梅丸;四逆散,乌梅:15克;细辛:5克;干姜:9克;黄连:15克;当归:10克;附子:6克;蜀椒:6克;桂枝:6克;人参:10克;黄柏:9克;炙甘草:9克;枳实:10克;柴胡:10克;白芍:15克;,TRUE
1589,虫证,钩虫病,脾虚湿滞,临床表现面色萎黄或兼面部浮肿，善食易饥.食后腹胀；或异嗜生米、茶叶、木炭等。神疲乏力；懒于动作，否质淡，苔薄；脉濡。,辨证提要①辨证要点..面色萎黄，嗜食异物；食后腹胀，神疲乏力。②辨病史：本病初起有“着土痒”病史，未经治愈，钩蚴从肺及胃肠。,理法概要虫邪进入肠胃；寄生于小肠，扰乱脾胃气机，吸食水谷精微，导致脾气虚，气血生化乏源，水湿停聚,治疗宜健脾燥湿，和中补血,黄病绛矾丸,苍术:10克;厚朴:9克;陈皮:12克;绛矾:10克;红枣:7枚;甘草:5克;,TRUE
1590,虫证,钩虫病,气血两虚,临床表现颜面及全身肌肤萎黄或苍白，面、足甚至全身浮肿，嗜食异物，脘闷不舒，精神不振，眩晕耳鸣，心悸气短，舌质淡胖，脉弱。,辨证提要①辨证要点：本证以面色或全身肌肤萎黄或苍白.心悸气短；眩晕耳鸣，精神不振；舌质淡胖，脉弱为特点。②辨类证:本证应号黄疸相鉴別。黄疸因目黄、身黄、小便黄为特点。因湿阻中焦所致。本证两目不黄.周身肌肤呈淡黄色，干萎不泽，小便清长。为钩虫吸食精微.气血双亏所致。,理法概要本证为久病脾虚及心肾，心脾两虚，气血双亏，肌体失荣所致。,治疗宜健脾除湿.补养气血,十全大补汤,人参:15克;黄芪:15克;甘草:5克;肉桂:6克;白术:10克;茯苓:15克;当归:10克;熟地:15克;白芍:12克;川芎:10克;,TRUE
1591,虫证,,绦虫病,临床表现腹痛、腹胀.恶心，腹泻，消瘦乏力，或食欲亢进.有白色节片排出体外。,辨证提要①辨证要点:粪便中有白色节片或带状的虫体排出。②在流行区有食未煮熟猪、生肉的刁惯。③实验室检查:粪便常规化验或肛门拭子涂片检查可查到绦虫卵。,理法概要绦虫寄生于小肠，影响脾的运化，胃的受纳和小肠泌别清浊，大肠的传导等功能。故引起腹痛，腹胀或腹泻;吸食水谷精微，气血化源不足而见消瘦乏力;虫体脱节.可是白色节片排出体外.由于水谷精微被虫所吸食，人体需多食以自养.故又可出现食欲亢进。本病虽有脾虚胃弱之表现，但虫为致病之本,治疗上以驱绦虫为主，兼以调理脾胃。,槟榔南瓜子,槟榔:60~100克;南瓜子:60~120克;,TRUE
1592,脱肛,,中气下陷,临床表现直肠脱出肛外，一般多发生在便后。如病久虚甚者，往往在咳嗽、下蹲、行路、站立、排尿时稍有用力即脱，不易回复。常伴体倦之力，气短声低，头晕心悸；食少便溏，舌质淡胖，有齿痕.脉弱。,辨证提要①辨证要点：便后直肠脱出，但无疼痛赤肿，病情严重者，往往因咳嗽、下蹲、行走、站立、排尿时稍有用力即可脱出。②辨病因:本病多有久病气虚不复，或劳倦过度，或因饮食所伤.致使脾气下陷，失于固摄，肠脱不收。③辨体质:素体虚弱者，神疲乏力，纳谷减少，大便溏薄。,理法概要气虚下陷；不能收敛固摄，而致直肠滑脱不收。,故治以补中益气为主，佐以升提固摄之法。,补中益气汤加味,黄芪:15克;党参:10克;白术:10克;当归:10克;柴胡:10克;升麻:3克;陈安:6克;炙甘草:5克;,TRUE
1593,脱肛,,脾肾亏虚,临床表现直肠滑脱不收，肛胃常有下塾感，伴见神疲乏力，行动气促.头晕心悸，腰膝酸软，小便频数，夜尿多，大便干结等，舌淡.脉细弱，多见于老人和小儿或久病虚劳之人。,辨证提要①辨证要点:直肠滑脱不收，;无疼痛赤肿.肛门下坠不适；伴腰酸神疲，夜尿频多，舌淡；脉细弱。②辨病因:若久咳久泻久痢;或房劳伤肾;或苦寒攻伐，损伤真元.皆可致脾肾两虚.关门不固.肠滑不收。③辨体质：小儿先天不足，后天失养；老人气血衰退，肾气不充;妇人产育过多、分娩用力耗气:或虚劳日久之人，脾肾之气最易受损，脾肾双亏，失于固摄，则肠脱不收;精血不足，无以充养脏腑滋荣筋骨.故临床每伴神疲乏力.头晕心悸.行动气促.腰膝酸软等症。,理法概要脾肾双亏，关门失守.肠滑不收.,故治以补肾健脾为主；佐以收涩固脱,大补元煎加味,人参:6克;山药:10克;炙甘草:6克;熟地:12克;山茱萸:10克;杜仲:10克;枸杞:10克;当归:10克;,TRUE
1594,脱肛,,湿热下注,临床表现直肠脱出肛外，肛门灼热肿痛；兼见面赤身热，口干口臭.胸脘痞闷，腹胀便结，小便短赤等症，舌红、苔黄腻或黄燥，脉濡数或滑数,辨证提要:①辨证要点:直肠脱出肛外，肛门灼热肿痛，伴面赤身热，溺赤便结.舌红苔黄腻，脉湍数或滑数。②辨病因：若饮食不节，恣食辛辣厚味，或饮酒过多，均可积湿酿热，湿热蕴结，下迫大肠，而致脱肛。③辨湿热孰轻孰重:热重于湿者.肛门灼热肿痛，面赤身热，口干而渴，腹胀便结.小便短赤，舌红、苔黄燥微腻，脉滑数;湿重于热者.肛门下坠.大便不爽.胸脘痞闷，渴不欲饮，舌红苔厚腻微黄.脉濡数。,理法概要湿热蕴积，结于肠道，下迫直肠，使之脱出肛外,故治以清火泻热利湿之法,凉膈清肠散加减,生地:15克;白芍:12克;当归:9克;川芎:6克;黄芩:9克;黄连:6克;荆芥:3克;防风:3克;升麻:3克;香附:9克;甘草:3克;,TRUE
1595,黄疸,阳黄,热重于湿,临床表现身黄目黄，黄色鲜明.发热口渴.心烦欲呕，小便短少而色黄，大便秘结，或腹部胀满.舌苔黄腻，脉弦数。,辨证提要①辨证要点:热重于湿之阳黄起病速.病程短；黄色鲜明，身热口渴，大便秘结。②辨病因:若感受热毒炽盛者，邪热从火化.热入营血，内陷心包，则高热神昏.出血而成为急黄。③辨色泽:色黄鲜明者为热重于湿之阳黄，而色黄而不鲜者为湿重于热之阳黄。,理法概要热重于湿之黄疸，其主要矛盾是热邪内盛，湿热之邪蕴结中焦。,治宜清热利湿，佐以通便之法,茵陈蒿汤,茵陈蒿:18克;栀子:9克;大黄:6克;,TRUE
1596,黄疸,阳黄,湿重于热,临床表现身目俱黄，色黄不鲜亮，身热不扬，头重身困，口粘不渴，胸脘痞满，不欲饮食.腹胀便溏，苔厚腻或黄白相兼，脉滑而缓。,辨证提要①辨证要点：湿重于热之阳黄，色黄而不鲜亮，四肢倦怠，口渴或渴不多饮，便稀不爽。②辨病程:湿为阴邪，其性粘腻重浊，不易速去，故湿重于热之黄疸病程比热重于湿之黄疸病程要长。,理法概要湿重于热之黄疸，主要矛盾是湿甚于内，热被湿遏。,治宜健脾利湿化浊，佐以清热。,茵陈五苓散,茵陈:18克;白术:10克;猪苓:9克;茯苓:9克;泽泻:12克;桂枝:6克;,TRUE
1597,黄疸,阴黄,寒湿阻遏,临床表现黄色晦暗，少食便溏，脘闷腹胀，神疲畏寒，舌质淡，苔白腻，脉濡缓。,辨证提要①辨证要点：黄色不鲜，食少便溏，畏寒喜热，脉缓无力，舌质淡胖，苔白腻。②辨体质:脾阳素虚，感受寒湿之邪，以致寒湿困脾，湿从寒化，困阻中州。③辨转化:阳黄，若迁延日久或过用苦寒，致使脾阳日衰，湿从寒化可转为阴黄。,理法概要寒湿阻遏之阴黄证，其主要矛盾是寒与湿。,治疗应针对寒湿之邪，以温阳散寒，健脾化湿为法,茵陈术附汤,茵陈蒿:12克;白术:10克;附子:9克;干姜:6克;甘草:6克;,TRUE
1598,黄疸,,淤血停积,临床表现身目发黄而晦暗，而色青紫暗滞，胁下有痞块且疼痛不舒，皮肤可见赤纹丝缕，舌质紫或有瘀斑，脉弦涩或细涩。,辨证提要①辨证要点：身目色黄晦暗.面色青紫暗滞，胁下有痞块，舌质紫有瘀斑。②辨大便:瘀血发黄，多见大便色黑，如《张氏医通，杂门》说:“有瘀血发黄，大便必黑,理法概要淤血停积之阴黄证，其病机是淤血滞塞络道。,治宜活血化瘀，疏肝退黄,膈下逐瘀汤,五灵脂:6克;当归:9克;川芎:6克;桃仁:9克;丹皮:9克;赤芍:9克;乌药:9克;元胡:9克;甘草:3克;香附:9克;红花:9克;枳壳:9克;,TRUE
1599,臌胀,实胀,气滞湿阻,临床表现胀大腹满，胀而不坚，胁不痞胀或疼痛，纳食减少。食后胀甚，嗳气，小便短少，大便不爽，舌苔白腻，脉弦,辨证提要①辨证要点:腹大胀满按之不坚，常嗳气，二便不爽。②辨诱因;本证多有情志不遂，肝脾失调病史，每因情志刺激，肝脾不和，健运失常，气滞湿阻，故腹胀大。③辨腹满程度：由于本证是由气滞湿阻，升降失司，浊气充塞而致腹满，故按之如气囊而不坚。④辨转归预后:本证属臌胀初起，主要为气滞兼有少量水湿，若治疗得当，病情较易控制。若治疗不当，甚至失治误治，气郁不解，水湿不能及时施泄，蓄积于体内，则可以从寒化或热化，或因气滞日久，瘀血内生，都会使病情加重。,理法概要情志不遂，精神抑郁，肝郁气滞.肝脾不和，气滞湿阻，升降失司.浊气充塞，而腹大胀满，胁下痞胀疼痛等。,治疗首先要调情志，然后疏肝理气，除湿散满。,柴胡疏肝散;平胃散加减,柴胡:10克;白芍:10克;枳壳:15克;川芎:10克;香附:10克;炙甘草:6克;陈皮:12克;厚朴:12克;苍术:10克;生姜:2克;大枣:3枚;,TRUE
1600,臌胀,实胀,寒湿凝聚,临床表现腹大胀满，按之如囊裹水，脘腹痞满.得热稍舒，头身困重，怯寒肢肿，小便短少，大便溏薄，苔白腻而滑，脉濡缓或弦迟。,辨证提要①辨证要点上腹大胀满，按之如囊裹水，脘腹痞满，得热稍舒，头身困重，怯寒肢肿。②辨喜恶:本证病机为寒湿凝聚，阻滞中阳，故临床见证喜热而恶寒，得热则舒。③辨腹满程度:本证系寒湿停聚，中阳被阻，阳不化气.水湿停聚.故腹满按之如囊裹水。,理法概要本证为水湿内蓄，而从寒化所致,治以温阳散寒，化湿利水。,实脾饮加减,厚朴:12克;白术:15克;木瓜:10克;木香:10克;草果仁:10克;大腹皮:30克;制附子:6克;白茯苓:15克;干姜:10克;甘草:3克;生姜:2克;大枣:1枚;,TRUE
1601,臌胀,实胀,温热藴结,临床表现腹大坚满，拒按.脘腹绷急.外坚内痛.烦热口苦，小便赤涩，大便秘结，舌边尖红、苔黄腻或兼灰黑，脉弦数，或见面目色黄,辨证提要①辨证要点：腹大坚满，拒按，腹脘绷急，外坚内痛。②辨腹满程度:本证因湿热所致，湿热壅滞肝胆，可成黄疸，积聚。故本证腹满坚硬，脘腹绷急，外坚内痛.拒按。③辨二便：由于本证湿热为患，大便可出现秘结，小便赤涩。④辨预后:本证系湿热所致，热邪内迫，病情多变，如突然出现吐血，便血，系热迫血妄行，多属危候;热扰神明，出现神志昏迷，亦是危症，应时时注意。,理法概要本证为水湿内蓄；而从热化，致成湿热蕴结,故用清热化湿，攻下逐水之剂。,中满分消丸加减,白术:9克;人参:6克;炙甘草:6克;猪苓:15克;白茯苓:12克;干生姜各:6克;砂仁:9克;泽泻:9克;陈皮:9克;炒知母:10克;炒黄芩:12克;炒黄连:10克;半夏:10克;炒枳实:15克;厚朴:15克;,TRUE
1602,臌胀,实胀,肝脾血瘀,临床表现腹大坚满，按之硬，青筋怒张，胁腹攻痛，面色黯黑，头颈胸部红点赤缕.唇色紫褐.大便色黑，舌紫暗或有瘀斑，脉细涩或芤。,辨证提要①辨证要点:腹大坚满，按之不陷而硬.青筋怒张，胁腹攻痛，面色黯黑；头颈胸部红点赤缕。②辨腹满裎度:本证病机为肝脾瘀血，经络阻滞，故腹满而坚，青筋怒张.布两胁，按之坚硬。③辨面色:瘀血阻滞脉络；面部可出现黧黑或见赤缕红点。④辨病程与预后:本证多因鼓胀迁延不愈，久病入络，形成肝脾瘀血，易出现吐血，大便下血，应多警惕。,理法概要本证系气血、水湿瘀阻所致,故治疗应以化瘀，行气利水法治之。,化瘀汤加减,丹参:15克;当归:12克;红花:10克;桃仁:10克;丹皮:10克;赤芍:10克;穿山甲:15克;牡蛎:30克;白术:10克;青皮:10克;泽泻:10克;,TRUE
1603,臌胀,虚胀,脾虚水困,临床表现腹部胀满，肠鸣便溏，面色萎黄，神疲乏力，四肢无力，少气懒言，舌苔薄腻.舌质淡胖有齿印，脉沉弱。,辨证提要①辨证要点:腹部胀满，肠鸣便溏，神疲乏力，脉沉弱。②辨腹满程度:本证属虚胀.腹部虽胀满面不坚，多有肠鸣便溏。③辨精神状态:本证多由脾虚所致，临床指征多有倦怠乏力，面色萎黄。④辨类证:腹部胀满可有两种情况:一种多因情志不调，肝脾不和.升降运化失常，气不通畅而致。一种是脾虚水困而致。两者主要区別为前者胀满为气，后者胀满为气加水困，故应区别。,理法概要本证主要是脾虚胃弱，水湿泛滥所致，治以培补脾土，渗泄水湿，可使病情逐渐缓解。若治疗不当，病邪日深，正气续败，损及肾阳，便成脾肾阳虚之证,治以培补脾土，渗泄水湿,异功散加减,党参:10克;茯苓:20克;白术:20克;陈皮:12克;甘草:6克;白芍:12克;橘红:10克;广木香:10克;沉香:3克;薏苡仁:30克;,TRUE
1604,臌胀,虚胀,脾肾阳虚,临床表现腹部胀满，入暮较甚，脘闷纳呆，神疲怯寒.肢体浮肿，小便短少，面色萎黄或苍白，舌质淡，体胖嫩有齿印，脉沉细或弦大重按无力。,辨证提要①辨证要点:腹胀满入暮较甚，脘闷纳呆，神疲怯寒.肢体浮肿，脉沉细。②辨腹满程度:本证系脾肾阳虚所致，虽胀满而不坚.胀满夜间甚。③辨体质:素体阳虚，脾不健运.水湿不化.而成本证,理法概要本证是脾肾阳虚.寒水内蓄.如只补阳则水不去，专利水则阳不升,故治以温补脾肾，散寒利水并用。,附子理中汤;五苓散化裁,党参:15克;白术:15克;干姜:10克;甘草:6克;附子:6克;.肉桂:1克;茯苓:15克;猪苓:10克;泽泻:15克;,TRUE
1605,臌胀,虚胀,肝肾阴虚,临床表现腹大坚满.甚者青筋暴露，形体消瘦，面色黧黑，唇紫舌燥，心烦，掌心热，齿、鼻有时出血，小便短赤，舌质红绛少津，脉弦细数,辨证提要:①辨证要点:腹大坚满.青筋暴露，形体消瘦.面色黧黑，五心烦热.兼见鼻齿出血等。②辨腹满程度:本证多由久病入络，血瘀气滞或有积聚，故腹满而坚，青筋暴露。③辨转归及予后:病至晚期，腹大如瓮.脉络怒张，脐心突起，便如鸭溏，四肢削瘦者，预后多不良。如《灵枢，玉版》篇曰腹胀身热脉大是一逆也，肠鸣而满，四肢清泄，其脉大是二逆也。”又说：“其腹大胀，四末清，脱形泄甚是一逆也。腹胀便血，其脉大，时绝是二逆也。”就临证所见，鼓胀而见心烦不安.寒热时作，往往病势随之进展，此为邪正相争，正虚邪盛之象。若见形脱，便血，下利频繁，喘急脉弦大重按无根.乃属五脏俱脱，最为危急之候。,理法概要本证多由病久，或攻下逐水太过.伤津耗液，以致肝肾阴亏，治以滋肝肾养阴血.少佐化瘀.力求好转或带病延年，倘若肝肾阴竭，瘀血日甚，突发变化，便成危候。,治以滋肝肾养阴血.少佐化瘀,一贯煎;消瘀汤加减,北沙参:12克;麦冬:10克;当归:12克;生地:12克;枸杞子:15克;川楝子:10克;鳖甲:10克;牡蛎:20克;青皮:10克;枳壳:15克;莪术:6克;三棱:6克;鸡内金:12克;茯苓:15克;赤芍:10克;人参:10克;,TRUE
1606,胃癌,,肝胃不和,临床表现胃脘胀满疼痛、连及两胁.情志不舒则疼痛加重，嗳气反酸，呕吐呃逆，舌苔白或薄黄，脉弦。,辨证提要①辨证要点：胃脘胀痛连胁，情志不舒加重，嗳气呕逆，脉弦。②辨转化：肝火日久.可以化火上导致肝胃郁热。,理法概要情志不舒，郁怒伤肝.肝失条达，横逆犯胃，而导致肝胃不和,治宜疏肝和胃.降逆止痛,胃癌I号方,柴胡:12克;郁金:10克;白勺:15克;枳壳:12克;旋复花:12克;瓦楞子:15克;丹参:30克;石见穿:30克;黄药子:15克;半枝莲:30克;白花蛇舌草:30克;,TRUE
1607,胃癌,,脾胃虚寒,临床表现胃脘隐痛，喜温喜按，或朝食暮吐、暮食朝吐，或食入经久仍复吐出，时吐清水，形体消瘦，面色苍白无华，肢凉神疲，食少腹胀，或便溏浮肿，舌质胖淡，或有齿痕，脉沉缓弱。,辨证提要①辨证要点：胃脘隐痛；喜得温按，食少口吐清水，或朝食暮吐、暮食朝吐。②辨呕吐:若单纯见到呕吐、嗳气、时吐清水，属一般的胃失和降，胃气上逆所致。若临床出现朝食暮吐、暮食朝吐.食入反出者；属胃反，提示胃癌有幽门梗阻或不完全梗阻现象。,理法概要脾胃虚寒，运化失职，不能腐熟温运水谷，而致胃反。,治宜温中散寒，健脾和胃,胃癌II号方,黄芪:30~60克;白术:12克;肉桂:6克;干姜:6克;白芍:20克;清半夏:10克;石见穿:30克;黄药子:15克;藤梨根:30克;喜树果:30克;半枝莲:30克;白花蛇舌草:30克;急性子:15克;丁香:10克;,TRUE
1608,胃癌,,痰湿凝结,临床表现胃脘胀满疼痛，纳食呆滞，胸闷不舒，时时恶心，呕吐痰涎，大便溏，苔白厚腻.脉濡滑或缓。,辨证提要①辨证要点：胃脘胀痛，呕恶纳呆.苔白厚。②辨病势:痰湿凝结日久，可以化热，出现痰热蕴结.,理法概要脾胃损伤，生湿酿痰.痰湿凝滞结聚而成。,治宜温胃化湿，祛痰散结。,胃癌III号方,法半夏:12克;陈皮:10克;干姜:6克;茯苓:24克;制南星:15克;黄药子:15克;海藻:30克;夏枯草:30克;泽泻:10克;木香:10克;急性子:15克;白蔻仁:6克;,TRUE
1609,胃癌,,瘀毒内阻,临床表现胃脘刺痛，触之有块，固定不移，或心下痞硬、按之伍痛，消瘦，食少，或呕血、便血，肌肤枯燥甲错.舌质紫暗，或舌见瘀点瘀斑，脉沉细涩。,辨证提要①辨证要点:心下肿块拒按刺痛.或呕血便血，舌紫喑有瘀点，脉沉涩。②辨病程:心下癓块，消瘦，呕血，便血.说明病程较久，胃癌已至晚期。,理法概要气滞血瘀，痰湿蕴结，化热化火为毒，热毒内蕴，阻滞气血，结成癌瘤。,治宜解毒祛瘀，活血止痛。,胃癌IV号方,生蒲黄:10克;五灵脂:15克;莪术:15克;露蜂房:12克;鳖甲:30克;赤芍:12克;穿山甲:15克;蚤休:15克;冬凌草:30克;黄药子:15克;土鳖虫:15克;半枝莲:30克;急性子:20克;石见穿:30克;仙鹤草:20克;干蟾皮:5克;,TRUE
1610,胃癌,,胃热伤阴,临床表现胃脘隐痛，灼热嘈杂，口干饮冷，纳呆厌食，五心烦热.大便干结，舌质红绛，少苔.或花剥苔，或无苔，脉细数。,辨证提要本证以胃脘灼热嘈杂疼痛，口干不食，舌红、少苔或无苔，为辨证要点。,理法概要邪热内蕴，伤耗胃阴.而致本证,治宜养阴清热。,胃癌V号方,北沙参:24克;麦门冬:15克;知母:12克;天花粉:12克;冬凌草:15克;生大黄:6克;芦荟:10克;蚤休:24克;黄药子:15克;半枝莲:30克;白花蛇舌草:30克;急性子:15克;赤芍:15克;西洋参:12克;生甘草:10克;,TRUE
1611,胃癌,,气血双亏,临床表现病程胃久.积块增大.疼痛，形体羸瘦，面色苍白无华，面目虚浮.神疲畏寒.全身无力心悸气短.头晕目眩.自汗盗汁.虚烦不寐，舌质淡胖、苔白，脉沉细无力或虚大,辨证提要:①辨证要点:形体羸痩，面白虚浮，神疲乏力，心悸气短眩晕，脉虚。②辨病程:病久不愈正气损伤，气血双亏，胃癌已至末期。,理法概要大积大聚，病邪昌盛，损伤人体正气，气血亏虚，而成虚羸之候口,治疗应当入补气血，健脾补中，佐以活瘀消积。,胃癌VI号方,人参:10克（另煎）;黄芪:30克;当归:15克;白术:15克;山药:30克;熟地:30克;阿胶:10克（烊）;莪术:10克;石见穿:30克;白花蛇舌草:30克;黄药子:15克;天龙:3条;黄精:15克;仙灵脾:15克;陈皮:10克;,TRUE
1612,大肠癌,,湿热蕴结,临床表现腹痛腹泻，下痢赤白，里急后重，肛门下坠，腹部包块，口干发渴，发热恶寒，舌苔黄腻，质红，脉滑数。,辨证提要①辨证要点:病人体质不甚虚，腹痛下痢.里急后重，发热口渴，舌质红，苔黄腻、脉滑数，②辨舌脉:患者湿邪重者，苔白腻或黄腻或腐秽，脉濡滑;热邪甚者.舌质红，苔黄腻时干；脉滑数有力。,理法概要湿热蕴结之结肠直肠癌，其主要矛盾是湿与热。,治疗应针对湿热毒邪，应用清热利湿解毒之法。,槐花散加味,槐花:30克;侧柏叶:15克;荆芥穗:12克;白头翁:20克;枳壳:10克;败酱草:30克;土茯苓:30克;地榆:20克;薏苡仁:30克;半枝莲:15克;,TRUE
1613,大肠癌,,气滞血瘀,临床表现腹部刺痛，痛处固定，面色晦黯.腹胀肠鸣，便下紫黑脓血，腹块坚实，推之不移，舌质紫暗或有瘀斑、点，脉涩或弦。,辨证提要①辨证要点：腹痛如刺，便色黑紫.腹块坚实、推之不移。②辨病程:本病出现血瘀表现时，说明病情已至中期或中晚期。,理法概要本证主要矛盾是气滞血瘀,治疗应行气活血，化瘀解毒。,少府逐瘀汤加减,赤芍:20克;当归:15克;川芎:10克;蒲黄:10克;五灵脂:12克;没药:12克;元胡:15克;大黄:6克;木香:10克;地榆炭:20克;生甘草:6克;,TRUE
1614,大肠癌,,脾肾阳虚,临床表现腹痛隐隐，喜温喜按，便溏便血，或污浊频出无禁，形体瘦削，畏寒肢冷，腰膝酸软，肛脱下坠，舌淡无华.苔白，脉沉细无力。,辨证提要①辨证要点:腹痛喜暖，大便溏泻或污浊频出无禁，畏寒肢冷，舌淡无华，苔白，脉沉细无力。辨体质:此型病人多有素体阳虚或久病伤阳.或过食生冷、苦寒之品.损伤脾阳上脾损及肾。,理法概要本病脾肾阳虚型者，其主要矛盾为正虚邪实，此时攻邪不达.反易伤正.故治应扶助正气，抗御外邪。,治宜健脾温肾之法。,补中益气汤;附子理中汤加减,党参:15克;炒白术:30克;茯苓:30克;当归:12克;制附子:10克;煨肉蔻:12克;干姜:10克;柴胡:6克;炙甘草:6克;,TRUE
1615,咳嗽,,脾胃虚弱,临床表现咳嗽痰多；色白而粘，胸脘满闷，纳差呕恶，身倦乏力；大便溏薄，舌质淡，苔白腻，脉濡滑.,辨证提要①辨证要点:本证以咳嗽痰多，色白而粘，胸脘满闷为要点。②辨病史:多有饮食不节，饥饱失宜，寒温不调，损伤脾胃的病史，③辨体质;脾胃为后天之本，气血生化之源；主肌肉四肢，脾胃虚弱者，多见面色萎黄，形体消瘦。,理法槪要由于脾胃虚弱，健运失职，痰湿内生，上渍于肺，宣肃失常所致。,治宜健脾祛湿，理气化痰。,三仁汤;二陈汤加减,杏仁:10克;白豆蔻仁:8克;薏苡仁:30克;厚朴:10克;半夏:10克;陈皮:10克;茯苓:15克;白术:10克;枳壳:10克;甘草:3克;,TRUE
1616,咳嗽,,脾虚肝郁,临床表现咳嗽气逆，咳则阵作，常感痰滞咽喉而咯之难出，或痰带血丝，胸胁窜痛，急躁易怒，口干口苦，食欲不振，身倦乏力，症状常随情绪波动增减，舌边尖红，体胖大，苔薄黄、少津，脉弦数.,辨证提要①辨证要点:本证以气逆咳嗽阵作，胸胁窜痛，急躁易怒，症状常随情绪波动增减为要点。②辨病程:本证病机演变由脾虚致肝郁，再因肝郁化火，木火刑金，肺失清肃而发病，故病程较长.,理法槪要多由脾胃虚弱，土壅木郁，肝郁化火，木火刑金，肺失清肃而致咳嗽。,治宜健脾疏肝，清肺降火.,逍遥散;泻白散加减,当归:12克;白芍:15克;白术:10克;茯苓:12克;柴胡:5克;郁金:10克;薄荷:5克;桑白皮:15克;地骨皮:12克;川贝:10克;桔梗:10克;甘草:3克;,TRUE
1617,咳嗽,,脾肺气虚,临床表现咳嗽痰多，色白质稀，面白微肿，气短懒言，身倦乏力，畏寒肢冷，腹胀纳差，大便溏薄.舌淡苔白，体胖大，脉沉细。,辨证提要①辨证要点:本证以咳嗽痰多，色白质稀，气短懒言，腹胀纳差为要点。②辨类证:本证应与痰湿犯肺咳嗽相鉴别。因二者均有咳嗽痰多色白，腹胀纳差，大便溏薄等脾虚症状.但脾肺气虚者，为脾虚日久不愈，终致脾肺虚损，临床除有脾虚见症外，尚有气短懒言，畏寒怕冷等肺气不足症状。,理法概要由于脾胃虚弱.化源亏乏，土不生金，脾肺气虚，宣肃失司而致咳嗽,治宜健脾益气，培土生金。,香砂六君子汤加味,党参:10克;白术:10克;茯苓:15克;陈皮:10克;半夏:10克;广木香:6克;砂仁:8克;甘草:3克;厚朴:10克;枳壳:10克;杏仁:10克;前胡:10克;,TRUE
1618,咳嗽,,脾肾阳虚,临床表现咳嗽短气，痰涎清稀，头眩心悸，自汗畏寒，肢体沉重，腰膝酸软，胸脘满闷，纳差，大便溏薄或五更泄泻，舌淡，苔白，脉沉细。,辨证提要①辨证要点:本证以咳嗽短气，痰涎清稀，自汗畏寒，腰膝酸软，脘闷纳差，大便溏薄为要点.②辨预后:病在肺较轻，病在脾较重。病在肾尤重，由肺及脾至肾的过程即是病情由轻转重的过程。故病在肺脾治疗较易，及至于肾则治疗较为困难，预后较差。,理法概要由于脾肾阳虚，气化不利，运化无力，水寒不化，寒饮、痰湿上逆犯肺而致咳嗽。,治宜温补脾肾，散寒化饮。,金匮肾气丸;厚朴温中汤加减,厚朴:10克;陈皮:10克;干姜:5克;白术:10克;茯苓:15克;白蔻仁:8克;木香:6克;熟地:10克;山药:8克;山茱萸:15克;泽泻:10克;丹皮:8克;肉桂:5克;制附子:5克;甘草:3克;,TRUE
1619,哮喘,哮证,痰哮,临床表现症见呼吸急促，甚者张口抬肩，喉中痰鸣，声如曳锯，胸满窒闷，痰涎壅盛，脉滑，苔腻,辨证提要①辨证要点:痰哮必有痰声，喉中痰鸣呀呷有声，咳吐痰涎，气急鼻张，胸窒腹胀。②辨类证:痰哮应与痰喘相鉴别。痰哮，喉中痰鸣呀呷有声，咳逆吐痰。痰喘，喘息有声，痰声漉漉，而无哮鸣，咳嗽多痰。,理法概要脾失健运，聚湿生痰，痰气壅实为基本病机,治宜宣肺健脾化痰；,三子养亲汤;二陈汤加味,苏子:12克;莱菔子:12克;白芥子:12克;陈皮:12克;半夏:10克;茯苓:15克;麻黄:6克;杏仁:16克;薏苡仁:15克;甘草:3克;,TRUE
1620,哮喘,哮证,食哮,临床表现恶食胀闷，胸满气高，嗳气哮鸣，抬肩瞪目，或咳或呕，苔厚腻，脉滑大。,辨证提要①辨证要点:本证特点是，胸闷腹胀，昼夜发哮恶食或咳或呕。②辨病因:食哮多因饮食不节，偏嗜咸、酸等而致,理法概要饮食不节，伤脾害肺，积湿宿痰，胶粘气道，阻碍升降而发。,治宜消食健脾，豁痰利气。,人参启脾丸加味,人参:9克;白术:10克;茯苓:15克;陈皮:12克;扁豆:15克;山药:30克;木香:6克;谷芽:30克;神曲:15克;莱菔子:12克;山楂:12克;皂角:6克;半夏:9克;苏子:15克;杏仁:15克;甘草:6克;,TRUE
1621,哮喘,喘证,虚喘（脾肺气虚）,临床表现喘而不休；痰多稀薄，短气乏力，胸脘闷胀，食少便溏，面色苍白，四肢不温，舌淡、苔白腻，脉细弱。,辨证提要辨证要点:本证以喘而不休，乏力短气，食少，痰多，便溏为辨证要点,理法概要脾肺气虚，痰湿阻滞为本证的基本病机。,故治疗宜补土生金，化痰平喘,六君子汤加味,黄芪:15克;党参:12克;白术:10克;茯苓:15克;半夏:9克;陈皮:12克;甘草:3克;白果:10克;麻黄:2克;地龙:10克;,TRUE
1622,哮喘,喘证,实喘（痰温壅盛）,临床表现气喘咳嗽，痰声漉漉，痰多粘腻，饮食不当则喘息加剧，胸脘满闷，恶心纳呆，舌苔白腻，脉滑。,辨证提要①辨证要点:本证以咳喘痰多，呼吸急促，脘闷纳呆为辨证要点。②辨病因:本病多因饮食不节致使脾失健运，变生痰浊，阻滞气机，升降失常而发喘；,理法概要脾失健运，痰湿壅盛，是其主要病机.,治疗宜健脾化湿，祛痰降逆。,导痰汤加味,半夏:10克;橘红:10克;茯苓:20克;甘草:3克;南星:6克;枳实:10克;生姜:5片;,TRUE
1623,心悸,,心血不足,临床表现心悸头晕，面色不华，倦怠乏力；舌质淡红，脉象细弱。,辨证提要①辨证要点：心悸头晕.面色不华。②辨病因：多由于先天禀赋不足.脏腑虚损；或后天脾胃虚衰，气血化源亏乏，或失血过多.思虑喑耗心血诸因素引起心血小足而致心神失养。③辨病势:此证往往是心脾两虚，以心血不足为主，心血乃后天脾胃所化生，脾胃强；则病情轻而易愈:脾胃虚，则病情重而缠绵。,理法概要主要病机为血虚气弱，濡养失职,治宜补血养心，益气安神。,归脾汤,人参:9克;黄芪:30克;白术:30克;当归:10克;茯神:30克;远志:10克;酸枣仁:30克;木香:15克;龙眼肉:30克;炙甘草:6克;,TRUE
1624,心悸,,心阳不振,临床表现心悸不安，胸闷气短，形寒肢冷，面色苍白，舌质淡白，脉虚弱或结代。,辨证提要①辨证要点:心悸气短.面色苍白，形寒肢冷。②辨时令:心阳不振者易感外寒而发病，故冬季寒冷季节易发病，发时心悸闷痛，形寒怕冷。,理法概要本证系脾肾阳虚.心阳不振，鼓动气血无力。,治宜温补脾肾，振奋心阳,理中汤;桂枝甘草龙骨牡蛎汤,党参:9克;白术:9克;干姜:9克;桂枝:6克;龙骨:12克;牡蛎:12克;甘草:6克;,TRUE
1625,心悸,,水饮凌心,临床表现心悸眩晕，胸闷腹满，形寒肢冷，小便短少，下肢浮肿，渴不欲饮，恶心吐涎，舌苔白滑，脉弦滑,辨证提要①辦证要点：心悸眩晕，形寒肢冷，下肢浮肿，恶心吐涎。②辨病势：水饮凌心，往往病程较长，病势较重，心、脾、肾阳皆虚.心阳虚则运血无力，脾阳虚则不能运化水液，肾阳虚不能蒸化水液，以致水液停聚.凌心射肺。③辨虚实错杂:水饮凌心多为本虚标实，本虚乃心脾肾阳虚，标实为水饮内停，因虚致实，实由虚致，或标实日久，加重本虚，形成虚实错杂。,理法概要水饮凌心之心悸，主要矛盾是心脾肾阳虚.水饮内停，泛滥为患。,治宜振奋心阳，化气行水,苓桂术甘汤,茯苓:12克;桂枝:9克;白术:9克;甘草:6克;,TRUE
1626,心悸,,瘀血阻络,临床表现心悸不宁，胸闷不舒，心痛时作，唇甲青紫，舌质紫暗或有瘀斑，脉涩或结代。,辨证提要①辨证要点:心悸胸闷，心痛时作，唇甲青紫，舌有瘀斑。②辨病因:心血瘀阻，其原因有两方面:一是由于心阳不振.血液运行不畅，除表现心悸胸痛外.多伴有形寒肢冷;一是由痹证发展而来，如《素问，痹论篇》曰：”脉痹不已，复感于邪，内舍于心。”表现为心悸胸闷，下肢浮肿，胁下有癓块，面唇青紫。③辨病势:心血瘀阻，其病情较重，稍遇劳累或感寒，易诱发心痛顿作，甚则胸痛彻背.背痛彻胸，并有卒死之危险。,理法概要其主要病机为气滞血瘀，心脉痹阻。,治宜活血化瘀，理气通络。,桃仁红花煎加减,丹参:15克;赤芍:12克;桃仁:15克;红花:12克;制香附:9克;延胡索:12克;青皮:9克;当归:9克;川芎:9克;甘草:3克;,TRUE
1627,胸痹,心痛、胸痛,心脾两虚,临床表现胸闷或胸部刺痛.心悸气短，失眠健忘，头晕乏力，面色无华，舌淡红，脉细微,辨证提要①辨证要点:本病之发生多先由于脾虚，生化乏源而致心血失养，以气短乏力为重，伴胸闷或胸部刺痛，面色无华。②辨体质:素体脾虚者，脾阳更易受损，生化乏源，表现为气短畏寒，胸闷等心脾阳虚现象。素体阴虚者，或劳心过度心血耗伤，火不生土而心脾亏虚。表现为心悸气短，胸闷或胸部剌痛，舌偏红等气阴两虚证。③辨顺逆:脾胃为后天之本，气血生化之源，脾虚恢复，胸痹易愈。若脾虚日甚，饮食减少，胸痛频发或加重，则病情恶化。,理法概要心脾亏虚，中气不足.阴血亏虚，心失其养.运行失畅,治宜益气健脾，补血养心,归脾汤加减,黄芪:10克;白术:10克;人参:10克;当归:9克;茯神:10克;远志:10克;酸枣仁:6克;木香:6克;龙眼肉:10克;生姜:3克;大枣:3枚;,TRUE
1628,胸痹,心痛、胸痛,心血淤阻,临床表现胸痛如刺，或绞痛阵作，痛有定处，甚至胸痛彻背，背痛彻心，或痛引肩背，胸闷如窒，舌质紫暗或有瘀斑，苔薄白，脉弦或结代。,辨证提要①辨证要点:胸痛如刺，痛有定处，或绞痛阵作、或痛引肩背。舌质紫暗或有瘀斑。②辨诱因:年过四十，脾肾亏虚，心脉不畅；遇有精神刺激，肝郁血瘀心痛卒然而作;或寒邪内侵，凝滞血脉，不通而痛作;或脾虚痰阻，瘀痰闭塞心脉而致心痛。③辨病势:心痛持续时间长，发作频繁，疼痛部位固定，病程迁延久者为重：若心痛偶发，走窜作痛，瞬息即逝者为轻。,理法概要情志所伤，气机郁结，气滞日久，血流不畅，则脉络瘀滞，或久病入络，气滞血瘀.心脉瘀阻。,治宜活血化瘀，通脉止痛,血府逐瘀汤,当归:10克;生地:10克;桃仁:10克;红花:6克;枳壳:9克;赤芍:9克;柴胡:6克;川芎:10克;枯梗:6克;牛膝:12克;甘草:3克;,TRUE
1629,胸痹,心痛、胸痛,痰浊闭阻,临床表现胸闷如窒而痛，或痛引背部，气短喘促，咳嗽，痰多粘腻色白，舌苔浊腻，脉濡缓。,辨证提要①辨证要点：本证以老年、身体肥胖者发病率高，胸闷如窒而痛.痛引肩背，痰多粘腻。②辨痰的性质:咳吐痰涎，胸闷重而心痛轻为痰饮，痰粘稠色白，胸闷而兼心痛时作.为痰湿。痰稠色黄，心胸时作灼痛，为痰热。③辨病程:湿为阴邪，其性粘腻重浊。不易速去，又往往痰瘀交阻，心脉不畅，故病程久而治愈慢。,理法概要痰为阴邪，其性粘滞，痰浊血瘀，心脉不通而致心痛,治宜通阳泄浊，豁痰降逆为法。,栝蒌薤白半夏汤加味,栝蒌:10克;薤白:10克;半夏:6克;枳壳:10克;桂枝:10克;白术:10克;陈皮:10克;甘草:6克;,TRUE
1630,胸痹,心痛、胸痛,胸阳痹阻,临床表现胸痛彻背，感寒痛甚，胸闷气短，心悸.重则喘息不能平卧，面色苍白，自汗，四肢厥冷，舌苔白，脉沉细。,辨证提要①辨证要点：脾肾阳虚者易罹患此证，胸痛彻背，感寒痛甚，胸闷气短，喘息肢冷。②辨体质:素体脾虚，久而及肾.脾肾阳虚，或终日伏案少动，胸阳不展，外寒乘虚入侵，凝滞血脉.故胸痛卒发。③辨虚实夹杂:本病之发.其本为脾肾阳虚，水湿不化，反为痰浊，痰浊乃病理产物，寒阻心脉，形成虚实夹杂;另-方面；脾肾阳虚，又易遭外邪入侵.凝滞血脉.使心脉不通。,理法概要诸阳受气于胸中而转行于背。脾肾阳虚，心阳不振，复受寒侵，以致阴寒痰浊盛于心胸，阳气失展，寒凝心脉.营血运行失常，发生本证,治宜辛温通阳，开痹散结。,当归四逆汤加减,当归:10克;桂枝:6克;白芍:10克;细辛:3克;通草:6克;甘草:6克;大枣:3枚;,TRUE
1631,不寐,,心脾两虚,临床表现患者不易入睡，多梦易醒，心悸健忘，头晕目眩.神疲乏力.食淡无味，舌淡苔薄白，脉细弱。,辨证提要①辨证要点：本病与化源亏虚或失血过多有关。患者入寐艰难，睡中多梦易醒，醒后再难入睡，心悸神疲。②辨病程:素体脾虚，或暴食伤脾，气血乏源，病程较久，先气短心悸，久之入睡困难。③辨虚实夹杂：此病虚证为多.往往虚证致实.久病多瘀.而成虚实错杂证候,理法概要心脾两虚之不寐，主要是脾虚乏源，营血不足，不能奉养心神所致。,治宜补益心脾，养心安神为法。,归脾汤加味,黄芪:20克;白术:10克;当归:10克;茯神:12克;远志:6克;酸枣仁:10克;木香:10克;龙眼肉:9克;甘草:3克;人参:6克;陈皮:10克;,TRUE
1632,不寐,,痰热内扰,临床表现不寐心烦，多梦纷纭或时寐时醒，胸闷恶心，口粘目眩，嗳气吞酸，头重，苔黄腻.脉弦滑。,辨证提要①辨证要点：形体肥胖，痰热内盛之人，夜寐多梦纷纭.心烦口粘，头晕目眩。②辨病因:形成痰火的病因不一，由食积伤胃，积痰化火，表现嗳气恶食.夜寐不安，口苦心烦;或痰湿素盛之人，复因情志刺激，气郁化火.痰火交织.扰乱心神而夜寐不安，性情急燥易怒，心烦口苦，头重目眩。③辨病程:痰湿为阴邪，其性粘腻重浊，痰与热相合.如油入面，不易速去；故痰热内扰之病程较长。,理法概要痰浊宿食壅遏于中，积而生热.痰热扰心。,治宜化痰清热，和中安神为法,温胆汤加味,半夏:10克;陈皮:10克;茯苓:9克;枳实:10克;竹茹:10克;甘草:6克;,TRUE
1633,不寐,,胃气不和,临床表现胸闷嗳气，脘腹胀满，不寐，大便不爽.嗳腐吞酸，苔腻，脉滑。,辨证提要①辨证要点:饮食不节.宿食停滞而致胃不和，脘腹胀满.嗳气，不寐。②辨病因：脾胃素虚，运化无力，稍有饮食不慎即停滞而致脘腹不适，或暴饮过饱.损伤脾胃，饮食积滞，胃不和则卧不安。③辨病位：病位在中焦脾胃，胃纳失常，脾运不健，宿食停滞，壅遏中焦;或食滞化热于中焦，痰热交阻，上扰心神而不寐。,理法概要饮食不节，脾胃受伤，食滞于中，或肠中有燥屎，均可影响胃气不和，升降失常而致卧不安。,治宜健脾和胃，消食导滞为法。,保和丸,神曲:10克;山楂:10克;茯苓:9克;半夏:9克;陈皮:10克;连翘:6克;莱菔子:10克;,TRUE
1634,多寐,,脾胃虚弱,临床表现精神倦怠，嗜睡，身困乏力，气短懒言.面色萎黄，纳少便溏.苔薄白，脉沉细无力。,辨证提要①辨证要点:多为禀赋不足，或大病久病之后，脾气受损易现倦怠嗜睡，气短乏力。②辨体质:素体脾虚者，脾阳更易受损，故每兼面色淡白，四肢不温，舌质淡，甚者腹泻便溏。,理法概要本证主要是脾虚气弱，运化无权，气血化源不充，脾气不足，清阳不升。,治宜健脾益气为主。,香砂六君子汤加味,党参:12克;白术:10克;茯苓:15克;甘草:3克;姜半夏:6克;陈皮:10克;木香:5克;砂仁:9克;生姜:10克;大枣:5枚;,TRUE
1635,多寐,,痰瘀阻滞,临床表现精神萎顿，昼夜嗜睡，身体重困，胸脘痞闷，形体肥胖，面色晦暗，舌质淡暗、体胖、苔厚腻；脉滑。,辨证提要①辨证要点：中老年居多，形体肥胖，身困嗜睡.面色晦暗，②辨病因：因素禀不足者，每兼气短乏力；因外湿而致者；每兼头重如蒙；因饮食无节而伤脾者，每兼脘痞身闲。夹瘀者，面色暗滞。,理法概要痰瘀阻滞之多寐，主要是脾运不健，水谷不化精微而成痰浊；痰阻瘀滞；阳气痹阻,治宜化痰醒神、佐以活瘀为法,温胆汤;丹参饮加味,半夏:10克;陈皮:9克;茯苓:12克;枳实:6克;竹茹:9克;甘草:3克;丹参:12克;檀香:9克;砂仁:6克;,TRUE
1636,多寐,,脾肾阳虚,临床表规精神疲惫.整日嗜睡懒言.畏寒肢冷.健忘.食欲不振，气短乏力，舌淡苔薄.脉沉迟。,辨证提要①辨证要点：本病多为年老体衰或大病久病之后，脾肾阳虚.则精神疲备.嗜睡畏寒而乏力。②辨病势:脾虚不复，穷必及肾.而致肾阳虚，肾阳虚无以温运脾土，而成恶性循环.久虚不复.可引起阴阳气血亏损，招致全身疾病。②辨虚实夹杂:病程日久，正气大衰.每因虚中挟实。除畏寒肢冷，身困乏力外.往往见到腹胀痞满.下肢浮肿等本虚标实证。,理法概要年高久病，脾虚及肾，肾气亏虚.命口火衰，阳气虚弱.,故治宜益气温阳为法,附子理中丸加味,附子:10克;干姜:8克;白术:9克;党参:10克;甘草:3克;,TRUE
1637,昏厥,,气厥,临床表现眩晕昏仆，面色苍白，汗出肢冷，气息微弱，脉象沉细。或由惊恐诱发，突然昏倒，口噤拳握，四肢厥冷，脉伏或沉弦。,辨证提要①辨证要点:本病发生于劳累或惊恐后.突然昏倒，不省人事，汗出肢冷。②辨虚实错杂:素体亏虚或脾胃虚弱而致营气不足，气虚下陷，清阳不振，或偶遇惊恐，气机逆乱.上壅心胸.蒙蔽清窍，而形成虚实错杂证。,理法概要脾胃虚弱，元气亏损，加之悲恐惊吓.气机逆乱，阴阳之气不相顺接而发为本证,治宜益气固本，调理气机。,参附汤;四味回阳饮;五磨饮子,人参:10克;附子:9克;炮姜:6克;甘草:6克;沉香:10克;乌药:10克;枳实:6克;木香:10克;槟榔:10克;,TRUE
1638,昏厥,,血厥,临沬表现突然昏厥，面色苍白。四肢震颤，肢冷出汗，目陷口张.呼吸微弱，舌质淡，脉芤或细数无力，或由暴怒引发，突然昏倒，不省人事.牙关紧闭，脉弦有力,辨证纲要①辨证要点：本病发生于营血骤亏之后.突然昏仆，四肢震颤，呼吸微弱，或恼怒引发而致昏仆，牙关紧闭。②辨虚实：大吐大汗大下，或创伤出血.或产后大量失血，以致气随血耗而神明无主，多为虚证，若肝阳素旺骤逢恼怒而致血随气壅.则突然昏厥，乃为实证。③辨病势:化源不足；营血亏乏.或大量津伤血脱而厥，病势较重.救治苏醒后较易恢复。,理法概要血耗过多.气随血脱，神明无主。,治宜补养气血，必先益气固脱。血随气逆者宜活血降气。,独参汤;人参养荣汤;通瘀煎,人参:10克;黄芪:10克;白术:10克;茯苓:10克;甘草:6克;当归:10克;白芍:10克;熟地黄:12克;五味子:6克;远志:10克;橘皮:10克;生姜:6克;肉桂:3克;大枣:3枚;,TRUE
1639,昏厥,,痰厥,临床表现突然昏厥，喉有痰声，呕吐诞沫，胸膈满闷，呼吸气粗，舌苔白腻，脉滑。,辨证提要①辨证要点:本病多见于肥胖人。突然昏厥。喉有痰声，呕吐涎沫；苔白腻。②辨寒热：寒痰在胸，呕吐涎沫，突然昏厥，喉有痰声.多见于形盛气弱之人;痰郁化热.咳痰黄稠.不易咯吐，突然昏厥.面赤.痰鸣，见于肝旺肥胖之躯。③辨病势：脾虚痰湿之人，平时喜运动，心情豁达者，犯病较轻；肝旺喜怒之人，易病且重。《辨证录；厥证门》指出：“肝气之逆.得痰而厥。”,理法慨要脾虚失运，痰湿内盛.气逆痰升，上蒙清窍。,治宜行气豁痰为法。,导痰汤加减,陈皮:10克;半夏:10克;茯苓:15克;枳实:10克;南星:10克;甘草:6克;,TRUE
1640,昏厥,,食厥,临床表现暴饮过食之后；突然昏厥.气息窒塞.脘腹胀满，苔厚腻，脉滑实。,辨证提要①辨证要点:本病发生于暴饮过食之后，突然昏厥，气息窒塞。②辨类证:本病之发生，应与真心痛发生于食后而致厥脱相鉴別.真心痛往住有胸痹病史，年龄大多在四十岁以上，由饮食过量诱发，而食厥为食填中脘.气机痞塞.多发生于儿童，但成人亦发生，素无胸痹病史。,理法概要暴饮过食，或复遇恼怒.气逆于上，清窍被蒙,治宜和中消导为法,神术散;保和丸加减,苍术:10克;陈皮:10克;厚朴:10克;藿香:10克;砂仁:6克;甘草:3克;山楂:10克;神曲:10克;半夏:10克;茯苓:10克;莱菔子:9克;,TRUE
1641,痫证,,脾虚痰盛,临床表现发作前常有短时头昏、眩晕、胸闷。随即仆倒，不省人事.手足抽搐，口吐白沫或流清诞，两目上视或伴尖叫声，醒后神疲乏力，面色不华；舌质淡，苔白厚腻.脉濡滑。,辨证提要①辨证要点：发作前行头昏、眩晕、胸闷先兆，发作时口吐白沫或清诞；平素伴有食少纳差；大便溏薄等脾虚表现。②辨病因：本病疲劳时发作较勤，多因感寒或饱食后易诱发.痰结越重则发作时间越长，口吐白沫或清涎亦多。③辨形体:平素形体肥胖.面色不华，多为脾虚湿盛之体。,理法概要平素脾胃虚弱，痰浊内蘊，因外感风寒或饮食不节，脾胃受伐，气机升降失常.而致痰聚气逆，风痰上蒙清窍发为痫证。,治宜补气健脾、化痰止痫。,六君子汤加味,人参:12克;茯芩:9克;白术:9克;炙甘草:9克;半夏:9克;陈皮:5克;附子:3克;菖蒲:3克;,TRUE
1642,痫证,,肝郁痰热,临床表现突然仆倒；神志不清.手足抽搐.口吐粘涎或伴有尖叫声，息高直视。平素情绪急躁，心烦失眠，口苦而干，舌红，苔黄腻.脉弦滑数。,辨证提要①辨证要点:烦躁不安，发病突然，发作时息高直视，口吐粘涎，缕缕成丝。②辨病因:平素性情急躁易怒、失眠，口苦而干等肝胆火旺的症象。痫证的发作与情绪的波动有密切的关系。毎因焦急郁怒等情志因素而诱发。③辨类证：脾虚痰盛证重在脾胃虚弱，运化无权.痰浊内生，阻遏气机。发作前有头昏、眩晕、胸闷的先兆证，发作时，口吐白沫，本证重在肝郁化热，痰热互结，发作常因焦急郁怒而诱发，发作突然.可无先兆证，发时吐粘涎缕缕成丝。,理法概要:本证由于情志不舒，肝郁化热，脾虚痰聚，痰热互结，风动痰升.心窍闭阻而成。,治宜清泻肝火，健脾和胃，豁痰开窍。,龙胆泻肝汤;涤痰汤加减,龙胆草:6克;柴胡:6克;黄芩:9克;当归:3克;大麻:6克;半夏:6克;陈皮:6克;茯苓:9克;石菖蒲:6克;甘草:3克;胆星:6克;,TRUE
1643,胁痛,,脾虚肝郁,临床表现脘胁胀痛，纳食减少，嗳气频作，胸闷不舒.身倦乏力，大便溏薄，疼痛常因情绪变化而增减，舌质淡、苔薄白，脉弦细。,辨证提要①辨证要点:本证以脘胁胀痛.纳食减少，嗳气频作，身倦乏力为要点。②辨病程:脾虚肝郁为虚中挟实之证，临床上形成此病机需有一过程，故病程较之其他证相对要长。③辨类证:本证候应与肝气郁结胁痛相鉴别。因脾虚肝郁证，为虚中挟实之证.除有胁肋疼痛症状外，尚有脾虚表现，而肝气郁结胁痛；多属实证，以胁肋胀痛，走窜不定为主症，一般无脾虚表现。,理法概要脾虚肝郁之胁痛.主要由于饮食不节，劳倦过度，忧思抑郁，损伤脾胃.脾胃虚弱，运化无力，土壅木郁，肝失条达.疏泄不利.胁络痹阻而致胁痛。,治宜健脾疏肝，理气通络。,逍遥散加减,当归:12克;白芍:15克;白术:10克;茯苓:15克;柴胡:6克;郁金:10克;元胡:10克;砂仁:8克;厚朴:10克;炙甘草:5克;,TRUE
1644,胁痛,,湿热藴结,临床表规胁痛口苦，胸闷纳呆.恶心呕吐，心烦不安，大便不畅或秘结，小便黄赤.或身目面发黄如橘色.舌苔黄腻.脉弦滑数。,辨证提要①辨证要点:本证以胁痛口苦，胸闷纳呆.恶心呕吐，心烦不安.小便黄赤.舌苔黄腻，脉弦滑数为要点。②辨体质：多见于素体脾虚.形体肥胖，痰湿甚者.如嗜酒肥甘，尤易患本证。③辨病程:脾虚日久，痰湿阻滞，失治误治，渐致湿郁化热，蕴结肝胆，发为胁痛，故病程较长。④辨湿热孰轻孰重:热重于湿者，胁胀热痛.呈搐急感，甚则剧痛难忍，不能转侧，痛势引及肩背，兼见寒热往来，口苦口渴，喜冷饮但饮不多；腹胀纳差.心烦不安.目赤肿痛，大便秘结，小便黄赤，或身目面发黄如橘色;湿重于热者，胁肋胀痛，口干口苦，但渴不欲饮，脘痞腹胀，食少纳呆，恶心呕吐.身倦乏力，小便色黄，大便溏泻。,理法概要洒食不节，或感受外湿，损伤脾胃，运化失职，痰湿阻滞，郁而化热，蕴结肝胆.疏泄失常，发为胁痛。,治宜健脾疏肝，清利湿热,温胆汤;茵陈蒿汤加减,陈皮:10克;半夏:10克;茯苓:20克;枳实:6克;竹茹:10克;甘草:3克;生姜:6克;茵陈:12克;栀子:10克;龙胆草:8克;柴胡:6克;香附:10克;滑石:18克;,TRUE
1645,胁痛,,气虚血瘀,临床表现胁肋刺痛；固定不移，入夜尤甚，或胁下有痞块，腹胀纳差，气短懒言，身倦乏力，舌质淡暗，苔薄白.脉沉涩无力。,辨证提要①辨证要点:本证以胁肋刺痛，固定不移，腹胀纳差，气短乏力，舌质淡喑，脉沉涩无力为要点。②辨病因:本证由内伤脾胃所致。主要责于脾胃气虚，血液运行无力.渐致瘀血阻络而成。③辨病程：内伤所致血瘀证，多为虚中挟实，故病程长，发病缓;外伤或强力伤络所致血瘀证，多为实证，故病程短，发病急。,理法概要禀赋不足，或病后失养，致脾胃气虚，血液运行无力，瘀血阻络发为胁痛。,治宜健脾益气，活血通络。,香砂六君子汤;复元活血汤加减,党参:15克;白术:10克;茯苓:15克;陈皮:10克;半夏:10克;广木香:6克;砂仁:8克;大黄:3克;桃仁:10克;红花:10克;穿山甲:10克;当归:12克;柴胡:6克;甘草:3克;,TRUE
1646,胁痛,,食积阻滞,临床表现胁肋胀痛，胸脘痞满，腹胀嗳气，嘈杂吞酸，不思饮食，或呕吐泄泻，舌苔黄腻.脉弦滑。,辨证提要①辨证要点:本证以胁肋胀痛，胸脘痞满，腹胀嗳气，不思饮食为要点。②辨病因：多由暴饮暴食.脾运不及所致。③辨体质：由于本证发病急.若及时得当治疗病程较短，一般体质无明显变化。,理法概要暴饮暴食，肥甘无度，脾运不及，壅滞中焦，肝失疏泄，气机不畅，发为胁痛.,治宜理气和胃，消食导滞.佐以疏肝清热。,消食丸加减,山楂:12克;神曲:12克;麦芽:12克;陈皮:10克;青皮:10克;莱菔子:10克;香附:10克;砂仁:6克;连翘:12克;,TRUE
1647,积聚,聚证,肝气郁滞,临床表现腹中气聚，攻窜胀痛，时聚时散;脘胁之间时或不适，脉弦。,辨证提要①辨诬要点:腹中气聚，时聚时散。②辨体质:素体阳亢者，肝郁易于化火，症见头痛，眩晕，面红目赤，口苦而干，烦躁易怒，舌红苔黄，脉弦数。素体阴虚者，肝郁易于化火伤阴，症见头晕，耳鸣、两目干涩，咽喉干燥，舌红少津，脉细数。③辨病势:气滞日久，可致血瘀，症见疼痛如刺，入夜尤甚.舌质瘀暗，脉沉涩。,理法概要情志失调，肝失疏泄，气结成形作梗或气机逆乱，以致聚证。,治当疏肝解郁，行气消聚。并当视其化火、伤阴、致瘀等不同，合以泻火、养阴、活瘀等法。,柴胡疏肝散加味,柴胡:10克;白芍:15克;川芎:10克;香附:10克;枳壳:12克;佛手:12克;川楝子:15克;青皮:10克;甘草:5克;,TRUE
1648,积聚,聚证,食滞痰阻,临床表现腹胀或痛。便秘纳呆，腹部时有条状物聚起，舌苔腻，脉弦滑。,辨证提要本证以腹胀或痛，便秘纳呆，腹部时有条状物聚起为辨证要点。,理法概要脾运失司，痰湿内生，痰食互阻，腑气不通。,治当理气化痰，导滞通腑。,六磨汤加味,大黄:10克;枳实:12克;槟榔:10克;沉香:2克;木香:10克;乌药:10克;厚朴:10克;半夏:10克;陈皮:12克;,TRUE
1649,积聚,积证,气滞血阻,临床表现胀痛并见，固着不移，积块软而不坚，舌质青、或见瘀斑，脉弦。,辨证提要本证以胀痛并见，固着不移，积块软而不坚为辨证要点。,理法概要气滞血阻，脉络不畅，积而成块，以致本证。,治当理气活血，通络消积。,金铃子散;失笑散加味,川楝子:12克;元胡:12克;五灵脂:12克;蒲黄:12克;丹参:30克;桃仁:12克;赤芍:12克;红花:12克;香附:10克;,TRUE
1650,积聚,积证,气结血瘀,临床表现积块明显增大，硬痛不移.消瘦乏力，纳差，时有寒热，面黯，舌边暗或质紫，或见瘀斑，脉细涩。,辨证提要本证以积块明显增大，硬痛不移，消瘦乏力，纳差为辨证要点。,理法概要积成日久，气血凝结，脉络阻寒，血瘀日甚.而致本证。,治当祛瘀软坚，兼调脾胃。,膈下逐瘀汤,当归:12克;川芎:10克;桃仁:12克;红花:10克;赤芍:12克;五灵脂:12克;丹皮:10克;玄胡:15克;香附:12克;乌药:12克;枳壳:10克;甘草:5克;,TRUE
1651,积聚,积证,正虚瘀结,临床表现积块坚硬，疼痛加剧.饮食大减，面色萎黄，消瘦脱形，舌质淡紫，无苔，脉细数或弦细。,辨证提要本证以积块坚硬.疼痛加剧，饮食大减，消瘦脱形为辨证要点。,理法概要积证日久，血络瘀甚，精血亏耗.形体失养。,治当大补气血，活血化瘀,八珍汤;化积丸加减,党参:15克;白术:12克;茯苓:15克;熟地:15克;黄芪:15克;当归:10克;白芍:15克;三棱:10克;莪术:10克;川芎:12克;香附:12克;槟榔:10克;穿山甲:15克;瓦愣子:15克;,TRUE
1652,眩晕,,气血亏虚,临床表现眩晕动则加剧，或遇劳即发，神疲懒言，气短声低，纳减体倦，面色少华或萎黄，唇甲不华，发色不泽，心悸失眠，舌淡，脉细弱，或兼诸失血证。,辨证提要①辨证要点：眩晕动则加剧，遇劳即发，伴全身气血亏虚的脉证。②辨病因:有诸失血证或失血史者，多以血虚为主.但单纯血虚者少见，以气虚为主者，常有持强劳力，过度劳神，饮食失节，或大病久病史.或有脾胃素弱等。,理法概要气血亏虚.头目失其荣养是该证病机关键。,治宜补养气血；健运脾胃,八珍汤加减,当归:10克;川芎:10克;白芍:12克;熟地:12克;党参:12克;白术:10克;茯苓:12克;甘草:3克;,TRUE
1653,眩晕,,痰浊中阻,临床表现眩晕、头重如蒙，倦怠，胸闷，恶心或时吐痰涎。食少多寐，舌体胖，苔腻浊或白厚，脉滑或弦滑；或兼见心下逆满，心悸怔仲，或伴有头目胀痛，心悸而烦，口苦尿赤，舌苔黄腻.脉弦滑数等。,辨证提要①辨证要点：眩晕而头宽如蒙、舌胖、苔腻，脉滑。②辨寒热：痰浊（湿）常从阴、从阳而寒化、热化，表现为寒饮、痰热或痰火为患。,理法概要脾失健运，湿聚成痰，阻滞气机，清浊升降失常，清阳不展，清窍蒙蔽是其基本病机。,治以燥湿祛痰，健脾和胃,半夏白术天麻汤加味,白术:10克;茯苓:15克;半夏:10克;陈皮:10克;天麻:10克;甘草:5克;生姜:3片;大枣:3枚;,TRUE
1654,痉证,,阳明热盛,临床表现项背强直，甚者角弓反张，手足挛急，心烦口渴，发热胸闷，腹满便秘，舌质红赤，苔黄厚而燥，脉数而有力。,辨证提要①辨证要点：高热，腹胀满疼痛或拒按，大便秘结。②辨类证:阳明热盛与肝经热证均有热势鸱张之临床表现。前者为实热;后者热盛风动。前者以腹满实证为特点;后者以营阴耗伤为主，可见舌质红绛、少苔，腹部证不明显。,理法概要胃热亢盛，邪热内蕴，燥实结于肠间，热盛伤津，津伤血少，筋脉失养发为痉证。,治宜清泄胃热，存阴止痉。,增液承气汤,玄参:30克;麦冬:25克;生地:25克;大黄:9克;芒硝:5克;,TRUE
1655,痉证,,气血亏虚,临床表现项背强急，四肢抽搐，筋惕肉，面色不华，头目昏眩，自汗，神疲乏力，短气，舌质淡，脉细弱。,辨证提要①辨证要点:神疲乏力，自汗.短气，舌质淡。②辨病因:素体脾胃虚弱，气血生化功能不足，或因产后失血，或因汗下伤津夺汗，气律两伤，筋脉失其濡养发为痉证。③辨类证:气血亏虚与阳明热盛。前者因气血生化不足，其抽搐无力为虚;后者因阳明热盛灼伤津液，其抽搐有力为实，并常伴高热。,理法概要脾胃阳气素虚，复因呕吐、泄泻或误用汗下，津伤气耗，筋失阴血的滋润而致痉者。《金匮要略心典》云:“盖病有……损伤阴阳而成痉者。经云:气主煦之，血主濡之。又云:阳气者，精则养神，柔则养筋，阴阳既衰，筋脉失其濡养，而强直不柔矣”。,治宜益气补血，养筋缓痉。,八珍汤加减,党参:12克;白术:9克;茯苓:9克;当归:15克;白芍:12克;川芎:6克;鸡血藤:15克;牡蛎:15克;钩藤:15克;熟地:15克;,TRUE
1656,水肿,,水湿浸渍,临床表现全身水肿，按之没指，小便短少，身休困重，胸闷，纳呆，泛恶，苔白腻，脉沉缓。,辨证提要①辨证要点:身肿而困重，腰以下肿甚，胸闷，纳呆，苔腻。②辨病程:湿性粘膩，不易骤化，故起病缓慢，病程较长。,理法概要久居湿地或冒雨涉水，水湿浸渍肌肤，脾为湿困，运化失职，水湿不化，壅滞于内，水液代谢失衡，发为水肿。,故治宜健脾化湿，通阳利水.,五苓散;五皮饮加减,茯苓皮:24克;猪苓:6克;泽泻:9克;白术:9克;桂枝:9克;大腹皮:12克;桑白皮:9克;生姜皮:6克;陈皮:9克;,TRUE
1657,水肿,,脾不制水,临床表现身肿，腰以下为甚，反复不愈，按之凹陷不易恢复，胸闷腹胀，纳减便溏，面色萎黄，神倦肢冷，小便短少，舌质淡，苔白滑，脉沉缓。,辨证提要①辨证要点：水肿以腰以下为甚，按之凹陷不易恢复，神倦肢冷，纳减便溏。《症因脉治》云：“脾虚身肿之症，小便清利.大便溏泄.面色萎黄。语言懒怯，常肿常退.此脾虚肿之症也。”②辨体质:素体中阳不足，脾气虚弱；水湿运化无权，故身肿反复不愈。,理法概要本证的发生多由于水肿实证，失治或误治损伤脾阳，或因劳倦伤脾，脾虚不能输布水津，水津内停聚而成灾，泛溢肌肤发为水肿.,故治宜温运脾阳，行气利水。,实脾饮加味,茯苓:15克;白术:9克;附子:6克;干姜:9克;木香:6克;厚朴:6克;木瓜:12克;大腹皮:12克;炙甘草:3克;生姜:6克;大枣:3枚;草果:6克;,TRUE
1658,水肿,,脾肾阳虚,临床表现全身浮肿，面色苍白，脘胀腹满，腰膝酸软，畏寒肢冷，食少便溏，舌体胖大边有齿痕，苔白滑，脉沉弱。,辨证提要①辨证要点:全身浮肿按之凹陷不起，腰膝酸软，畏寒肢冷，舌体胖大，脉沉弱。②辨病史:本证多由脾阳不足损及肾阳而成，有反复发作的病史，一般病程较长。,理法概要本通多由脾阳不足，不能制化水湿，水肿反复发作，日久不愈，脾病及肾，肾阳虚损，气化失常，固摄无权，膀胱开合失度，水液代谢失衡，水蓄于内泛溢肌肤所致。,故治宜补益脾肾，化气行水。,真武汤加味,茯苓:9克;芍药:9克;白术:6克;生姜:9克;附子:9克;猪苓:12克;薏苡仁:15克;,TRUE
1659,水肿,,气血两虚,临床表现渐见面部、四肢浮肿，头晕心悸，气短，纳少体倦，精神不振，唇淡白，少苔；脉虚细无力。,辨证提要①辨证要点:精神不振，头晕心悸，气短，晨起头面肿甚，动则下肢肿甚。②辨病史:平素脾胃虚弱，长期营养不良，脏腑功能失调，水液代谢紊乱，水肿时轻时重，反复不愈。,理法概要素体脾胃虚弱，不能化气生血，充养脏腑，或久病后、产后而致气血两亏，脏腑失养，水液代谢的功能索乱发为水肿,故治宜益气补血，健脾运湿,归脾汤加减,白术:30克;黄芪:30克;人参:15克;茯苓:15克;龙眼肉:15克;木香:6克;炙甘草:6克;当归:6克;远志:6克;泽泻:12克;,TRUE
1660,关格,,浊邪侵犯,临床表现神疲乏力，四肢困重，面色无华.恶心.或呕吐频作.口粘无味，腹胀，纳呆，小便短少或不通，大便秘结，苔厚腻，脉弦数。,辨证提要本证以面色无华，四肢困重无力，呕吐频作，小便短少，大便秘结、舌苔厚腻为其辨证要点。,理法概要脾胃素弱，浊邪困脾，使脾的运化功能减弱，其“为胃行其津液”的功能失职，产生受而不化.纳而不行的病理现象，使浊邪乘之而犯胃，使脾胃升降失和而诸症遂生,故治宜健脾和胃，降逆化浊。,温脾汤;旋复代赭汤加减,党参:15克;附子:10克;干姜:10克;大黄:10克（后下）;旋复花:10克（布包）;代赭石:15克;半夏:12克;陈皮:12克;茯苓:15克;薏苡仁:15克;甘草:3克;,TRUE
1661,关格,,情志不畅,临床表现吞咽困难，或滴水难入，胸胁胀满，烦闷不舒，呕吐吞酸，嗳气频作，泛吐粘涎.大便坚如羊粪，形瘦体衰，肌肤枯燥，舌质绛红苔少，脉细涩或弦细。,辨证提要本证以吞咽困难，或滴水难入，呕吐.或泛吐粘涎，大便坚如羊粪，舌质绛红，苔少为其辨证要点。,理法概要此证由于忧思日久，气结于上，津涸于下之故,治宜开郁理气，和胃化痰。,启膈散加味,郁金:10克;砂仁壳:10克;沙参:12克;川贝母:10克;丹参:15克;茯苓:15克;杵头糠:15克;麦冬:12克;荷叶:10克;,TRUE
1662,关格,,火热郁闭,临床表现腹痛胀满.硬痛拒按，躁扰不宁.大便燥结不通，烦呕吐逆，呕吐物热腐酸臭，或热结旁流，下利清水臭秽，溲黄不利或尿闭，重则神昏谵语，四末逆冷，舌质红或绛红、苔黄而燥，重者黄垢，脉弦滑或沉实。,辨证提要本证以腹痛胀痛硬痛拒按，大便燥结，烦呕吐逆，溲黄不利或尿闭，苔黄而燥为其辨证要点。,理法概要此证由于外邪入里化热，或恣食辛辣，热自内生，邪热与积滞壅结于胃肠而致,故治宜攻坚破结，荡涤实热积滞。,大承气汤加味,大黄:12克（后下）;枳实:12克;厚朴:12克;炒菜菔子:30克;玄明粉:10克（冲）;,TRUE
1663,关格,,脾肾阳虚,临床表现：溲尿滴沥不爽，重则癃闭不下，呕吐不止，时轻时重，呕吐物多夹有未消化食物，面色苍白，神情呆滞，形寒肢冷，四肢不温，腰膝乏力，周身浮肿，舌淡胖有齿痕，苔白滑.脉沉迟或沉细欲绝。,辨证提要①辨证要点：小便不通.渐至呕吐不止.面色苍白，形寒肢冷，四肢不温.舌淡体胖苔白滑，脉沉细。②辨偏损程度：若偏脾阳虚者，可伴见少气乏力，腹胀，纳食不馨，泛恶，呕吐频作;若偏肾阳虚者，则伴见神疲乏力，腰酸膝软，浮肿以腰以下为甚。,理法概要此证多由劳倦过度，或年老脾肾阳虚.致使升降失职，胃气上逆为呕吐；气化无权为溲便不通发为本病。,治宜温阳益气，补肾通关。,胃苓汤;实脾饮加减,白术:12克;川厚朴:9克;陈皮:10克;茯苓:24克;猪苓:12克;泽泻:5克;砂仁:6克;木香:9克;川椒目:6克;桂枝:6克;大腹皮:15克;,TRUE
1664,关格,,阴虚津枯,临床表现饥不思食，呕吐反复发作而量不多.或干呕，脘部有嘈杂感，小便短少，或大便干结，状如羊矢，渐至大小便不通，腹痛时作，形体消瘦，口燥咽干，五心烦热，舌红而干，或有裂纹，少苔或光净无苔，脉弦细而数。,辨证提要本证以呕吐频作而量少，小便短少；或大便干结，状如羊矢.口燥咽干，五心烦热，舌红而干，苔少或无苔为辨证要点。,理法概要热病后期，余热未清，或嗜食辛竦，热自內生.，热邪积久，耗伤阴津，而致阴虚津枯，上下不通发为本病。,治宜滋阴养液，泄热通便。,增液承气汤加味,玄参:20克;生地:15克;麦冬:15克;大黄:12克（后下）;玄明粉:10克（冲）;,TRUE
1665,关格,,蛔虫聚结,临床表现阵发性腹部剧痛.或腹部有攻撑感.并可见虫瘕，坐卧不安.心烦喜呕，或吐蛔虫，不欲饮食，得食则呕，小便短少.大便秘结不通，舌苔白腻或黄腻，脉弦。,辨证提要①辨证要点:阵发性腹痛，呕吐，便秘，腹部有攻撑感.并见虫瘕，脉弦。②辨寒热：若腹痛时作.不欲饮食，食则吐蛔，身热或厥逆，面赤心烦，口渴欲饮.溲赤便秘，舌红，脉弦数多属热证。若腹痛绵绵，喜温喜按，时觉恶心。口吐清涎，或吐蛔；手足不温，畏寒神怯，面色苍白，古淡，脉细弱多属寒证。③辨病势:若蛔虫妄动，窜入胆道.导致肝胆郁滞，气机被阻，气血不畅，而见卒然胁腹剧痛阵作.痛引肩背.恶心呕吐，汗出.脉沉弦可并发蛔厥证。,:理法概要本证多由体内蛔虫较多，或驱蛔不当，激惹虫群，致使蛔虫集结成团，壅塞肠道，气机被阻，传化停顿而发为本病。,治宜行气导滞.通便驱虫。,驱虫通便汤,乌梅:12克;苦楝根皮:18克;槟榔:15克;广木香:9克;花椒:9克大黄:15克;芒硝:15克（冲）;枳实:9克;,TRUE
1666,脏躁,,脾虚肝部痰火,临床表现急躁易怒，坐卧不宁，急躁时易哭，甚至哭笑无常，多疑善感，失眠恶梦，或心惊恐惧，头晕头沉，记忆力减退，胸闷气短，体倦乏力，食欲欠佳，肢体串痛，舌苔多腻、舌体稍胖大，脉弦或弦数。,辨证提要①辨证要点:情绪不稳，急躁易怒，健忘，多梦易惊，苔腻，舌体稍胖大。②辨病因：素体脾虚，复为情志因素所伤而发。若无脾虚见证，则不属本证。,理法概要脾虚肝郁，气滞湿阻，痰火扰心为其基本病机。,治以健脾豁痰，理气清心。,清心豁痰汤,白术:9克;茯苓:15克;橘红:9克;半夏:9克;香附:9克;枳壳:9克;西茴:9克;乌药:9克;郁金:9克;节菖蒲:9克;栀子:9克;莲子心:9克;胆南星:9克;生龙骨:15克;琥珀:3克;甘草:3克;,TRUE
1667,脏躁,,志意不收,临床表现精神恍惚.悲伤善哭，不能自制，时时欠伸.舌质淡、苔薄白，脉弦细。,辨证提要①辨证要点:悲伤欲哭，不能自制，时时欠伸。②辨体质及病因:素体脾肾有亏，复为情志因素所伤。,理法概要脾肾气弱，志意不收，五神失御而散乱为基本病机。,治宜甘缓补脾，定中州而安五脏。,甘麦大枣汤,甘草:10克;小麦:15克;大枣:5枚;,TRUE
1668,肌衄,,胃火炽盛,临床表现皮肤出现紫红色瘀点、瘀斑，以下肢为多见，紫斑形状不一，大小不等，有的甚至互相融合成片。发热、口渴、便秘、尿黄，常伴鼻衄、齿衄、或有腹痛，其则尿血、便血，舌质红、苔薄黄，脉弦数或滑数。,辨证提要①辨证要点：皮肤出现紫红色瘀点、瘀斑，以下肢为多见，伴有明显的胃热证候。②辨病因：外邪入侵或平素嗜食辛辣动火之物，以及龟、虾、蟹、牛乳等腥味之品，或因接触某物，而酿成热毒，胃火炽盛.而致发斑。③辨病位、病势：火热肌衄，发斑多见于四肢，病机主要责之于胃火，而火盛往往伤及其他脏腑。火热迫肺、上循其窍，或胃火上升，血随血动，则致鼻衄、齿衄；热聚膀胱，伤及血脉.则致尿血;热郁肠胃，气血瘀滞，热盛动血，则致腹痛，便血：素体阳盛，内热郁蒸，则阳明热势更加亢盛，而致发热，口渴，便秘，尿黄，舌质红、苔黄，脉数等全身症状。,理法概要火热薫灼，血溢脉外，而致肌衄。,治以清热解毒，凉血养阴，佐以活血消瘀。,清营汤加减,水牛角:30克;生地:15克;元参:9克;竹叶:3克;麦冬:9克;丹参:6克;黄连:5克;金银花:9克;连翘:6克;,TRUE
1669,肌衄,,阴虚火旺,临床表现皮肤瘀点、瘀斑，其色红或紫红，时轻时重，或有鼻衄、齿衄。常伴有头晕心烦，手足心热，或潮热盗汗。舌质红，少苔、脉细数。,辨证提要①辨证要点：皮肤瘀点、瘀斑，其色红或紫红，时轻时重。伴有明显的阴虚火旺证候。②辨病因：本证一般起病缓慢，胃阴不足，肾精亏损，以致阴虚火旺；或由胃热炽热，灼伤胃阴，而致阴虚火旺，火热灼热伤血脉，血溢肌肤而致本病。③辨病程：阴虚可致火旺，火旺则易伤阴，二者常相互影响，互为因果。以致本证病程较长，病情缠绵，反复出现紫斑。,理法概要阴虚火旺.火热薰灼，血溢脉外，而致肌衄。,治以养阴清热，凉血止血，佐以化瘀消斑。,玉女煎加味,生石膏:15克;熟地:15克;麦冬:9克;知母:15克;牛膝:12克;丹皮:12克;生地:15克;旱莲草:10克;侧柏叶:12克;茜草:10克;紫草:10克;,TRUE
1670,肌衄,,气不摄血,临床表现紫斑色紫暗淡，多呈散在性出现，时起时消，反复发作，遇劳则重，神疲倦怠、心悸、气短，头晕目眩，食欲不振，面色萎黄或苍白，舌质淡、苔白，脉弱。,辨证提要①辨证要点：紫斑色紫喑淡，多呈散在性出现.时起时消，反复发作，遇劳则重。②辨病程:本证多见于病程较长.久病不愈的患者。由于长期反复出血.气随血去，每致气血两虚。因此.气不摄血除由脏腑内伤所致者外；往往可内反复出血，以致肌衄紫斑时常出现。,理法概要脾虚失统，气不摄血，而致肌衄。,治以健脾益气摄血，佐以止血消斑。,归脾汤,白术:10克;茯苓:15克;黄芪:30克;龙眼肉:30克;酸枣仁:30克;人参:15克;木香:6克;甘草:5克;当归:10克;远志:8克;生姜:5片;大枣:5枚;,TRUE
1671,内伤发热,,脾气亏虚,临床表现发热，热势或高或低，常在劳累后发作或加剧.倦怠乏力，短气懒言，食少便溏，自汗.易于感冒，舌质淡，苔薄白，脉弱。,辨证提要①辨证要点:发热常在劳累后发作或加重，自汗乏力。②辨兼夹:气虚每易挟湿.而见胸腹痞闷.舌苔白腻，此证盛夏尤多。若见舌苔黄，则为挟有湿热。,理法概要中气不足，劳则气耗.阴火内生。,治疗重在益气健脾.升阳举陷，宗“甘温除大热”之要义，以甘温培补中土为主，同时视其兼挟之不同，合用化湿、清热、养血、消食等法。,补中益气汤加减,党参:10克;黄芪:15克;白术:10克;甘草:5克;当归:10克;陈皮:6克;升麻:3克;柴胡:3克;生薏苡仁:15克;白扁豆:12克;,TRUE
1672,内伤发热,,心脾两虚,临床表现发热，热势或高或低，头晕眼花.身倦乏力，心悸不宁，面白无华，唇甲色淡，舌质淡，脉弱。,辨证提要①辨证要点:发热，头晕眼花，心悸不宁；面白无华，唇甲色淡。②辨类证:气分大热之白虎汤证，其表现与血虚发热颇同，唯脉象有异，故应注意辨别，对此《医碥》曰:“血虚发热，或由吐衄便血，或由产后血崩，一切失血所致.证见烦躁面目黑，温饮不止，证类白虎，唯脉不长不实，浮大而重按全无为异耳。”《金匮翼》亦曰：“东垣云，饮困劳役之后，肌热烦躁，口渴引饮，目赤面红，昼夜不息，其脉大虚，按之无力，经云，脉虚则血虚，血虚则发热，症象白虎，唯脉不长实为辨也，误服白虎旬日必变。”然白虎汤证乃热邪为患，而无阴虚之征可凭，是以明辨。,"理法概要	营血亏虚，血虚则内无营守，阳气失于依附而浮越，故内伤发热由生。",治宜益气养血，切忌纯重滋腻养血之品。以免腻滞气机，因失血而致血虚发热之证，更亟宜益气固脱。,归脾汤加减,黄芪:12克;党参:12克;茯苓:10克;白术:9克;甘草:5克;当归:10克;龙眼肉:10克;酸枣仁:10克;远志:10克;木香:5克;陈皮:9克;柴胡:9克;,TRUE
1673,内伤发热,,脾肾阳虚,临床表现发热而欲近衣，形寒怯冷，四肢不温，头晕嗜卧，腰膝酸痛，舌质淡胖或有齿痕、苔白润，脉沉细或浮大无力。,辨证提要①辨证要点：发热而欲近衣，四肢不温。②辨脾阳虚与肾阳虚孰轻孰重：《金匮翼》云：“脾胃气虚，阳浮于外，其症上见呕恶.下为溏泄，其脉大而不实；肾虚大小归经，游行于外；其症烦渴引饮，面赤舌刺唇黑，足心如烙，或冷如冰，其脉洪大无论，按之微弱。”,理法概要阳气亏虚，阴寒内盛，逼阳外越，阳气浮散则发热，故《医碥》曰：“阳虚为肾大虚也，阳虚应寒，何以反发热？则以虚而有寒，寒在内而格阳于外，故外热，寒在下而戴阳于上，故上热也，此为无根之火，乃虚炎耳。”,治宜温补脾肾之阳，以纳火归元。,金匮肾气丸加减,肉桂:9克;附子:9克;熟地:24克;山萸肉:12克;山药:12克;茯苓:9克;丹皮:9克;泽泻:9克;干姜:6克;党参:15克;,TRUE
1674,内伤发热,,肝气郁滞,临床表现时觉身热心烦，热势常随情绪变化而起伏，精神抑郁，烦躁易怒，胸胁闷胀，口干而苦。大便秘结，舌红、苔薄黄，脉弦数。,辨证提要①辨证要点：发热常随情绪的好坏而起伏，平时性情急躁易怒，胸胁闷胀，喜叹息，口苦。②辨诱因：因暴怒伤肝，郁而化火而致者，每见面红耳赤，浑身轰热.心烦易怒；因肝经湿热熏蒸所致者，则多见午后发热，胁痛口苦，舌苔黄腻。,理法概要肝气不舒，郁而化火，而热从内生。治宜疏肝解郁.清肝泻热，同时宜使用养肝柔肝之品，以养肝体助肝用，慎用苦寒之味。并视其兼湿、兼瘀之不同，合用化湿、化瘀之法。,治宜疏肝解郁.清肝泻热，合用化湿、化瘀之法,丹栀逍遥散加减,丹皮:12克;栀子:12克;柴胡:15克;白术:12克;当归:12克;茯苓:12克;白芍:12克;甘草:9克;生姜:3克;薄荷:3克;,TRUE
1675,内伤发热,,湿阻中焦,临味表现低热，午后热甚，胸闷，身重纳少，呕恶，口不渴，或饮入欲吐，大便稀薄或粘滞不爽，苔白腻或黄腻，脉濡数。,辨证提要：①辨证要点:低热午后热甚，胸闷身重，纳少呕恶。②辨湿热孰轻孰重:湿重于热者，身热不扬，头痛身重，四肢倦怠，舌苔白腻;热重于湿者，发热起伏，心烦口渴，身重疼痛，小便短赤，舌苔黄腻。③辨析类证:湿郁发热一证，颇似阴伤发热，极易误治。故《温病条辨》曰：“舌白不渴.脉弦细时濡.面色淡黄，胸闷不饥，午后身热，状若阴虚，病难速已”。其鉴別要点是:湿温病发热其皮肤表面比较湿润，热郁在内而不外透，初摸热低，久触热高，甚至感觉烫手，口干而不欲饮，舌苔黄而厚腻，脉滑数；阴虚发热则其热如蒸，皮肤较干燥，口干欲饮，舌质红少津，脉细数。,理法概要内伤脾胃，健运失职，水湿停留，久则郁而化热引起内伤湿郁发热。治宜宣畅气机，清利湿热，同时，根据湿与热偏盛之不同.或侧重化湿，或侧重清热。,治宜宣畅气机，清利湿热，化湿，清热,三仁汤加减,杏仁:15克;滑石:18克;白通草:6克;白蔻仁:6克;竹叶:6克;厚朴:6克;生薏苡仁:18克;半夏:15克;,TRUE
1676,内伤发热,,瘀血阻滞,临床表现下午或夜晚发热.或自觉身体某些部位发热，口燥咽干，但漱水不欲咽，肢体或躯干有固定痛处或肿块，面色萎黄或晦喑，皮肤粗糙甚至肌肤甲错.舌质青紫或有瘀点、瘀斑，脉弦或涩。,辨证提要①辨证要点：午后或夜间发热，口干咽燥，面色萎黄或黯黑，唇口青紫或有瘀斑。②辨阴虚发热与血瘀:两证均见午后或夜间潮热，热象都为低热，然前者多由阴亏气燥，虚火上炎所致，故其特征是午后潮热兼见虚火上炎的症状；后者多由血滞而成瘀，瘀血内郁化热所致，故其特征为午后发热，兼见瘀血内结的症状。,理法概要瘀血阻滞，气血不通，壅而为热，瘀血病在血分。治宜活血化瘀。正如《谦斋医学讲稿》所云:“伴有瘀血的发热，不是单纯的退热药所能收效，必须结合祛瘀”。切忌寒凉辛散之品。寒凉愈增其血瘀，瘀血益固.理当所忌。辛散之剂亦非所宜，因瘀血不去，新血不生，久必血虚，汗血同源，辛散之品耗血散气，伤正可知，故其治疗，重在活血化瘀故《金匮翼》云：“瘀血发热者，其脉涩，其人但漱水而不饮咽，两脚必厥冷，少腹必结急，是不可以寒治，不可以辛散，但通其血，则发热自止”。,治以活血化瘀,血府逐瘀汤加减,桃仁:12克;红花:9克;当归:9克;生地黄:9克;川芎:5克;赤芍:6克;牛膝:9克;桔梗:5克;柴胡:3克;枳壳:6克;甘草:3克;,TRUE
1677,内伤发热,,饮食积滞,临床表现低热午后较甚，嗳腐吞酸，恶心呕吐，大便溏或结，儿童患者常有两颊潮红，腹胀按之硬，舌苔腻，脉滑。,辨证提要：①辨证要点：午后低热，伴见嗳腐恶闻食臭，两颊潮红，腹胀肤皮热；脉滑。②辨类证：本证与脾胃湿热证，虽皆可表现为发热午后为甚.纳运失司。但脾胃湿热午后低热尤以日哺为甚，多伴见脘闷、不饥、不欲饮、便溏；而本证多伴见嗳腐、恶食、恶心。③辨病因：热病后期.饮食调摄不当，引起低热者，虽无明显停积，但亦属食积发热范畴。《素问，热论》曰：“热病已愈，时有所遗者，何也？岐伯曰：诸遗者，热甚而强食之，故有所遗也，若此者，皆病已衰而热有所藏，因其谷气相薄，两热相合，故有所遗也”。,理法概要食滞中焦.气机壅滞，郁积生热，治当消积导滞清热，同时佐以降逆和胃止呕，大便溏甚者则又需佐以健脾化湿止泻。,治当消积导滞清热，降逆和胃止呕，健脾化湿止泻,保和丸加减,山楂:18克;神曲:15克;半夏:9克;茯苓:9克;陈皮:6克;莱菔子:12克;连翘:10克；,TRUE
1678,虚劳,,脾胃气虚,临床表现面色萎黄，纳呆食少，精神疲惫，倦怠乏力，形体消瘦，脘腹胀满，食后午后胀甚，口淡无味；大便溏泄。或发热，或便血、崩漏，或脱肛、内脏下垂、子宫脱垂。舌质淡或有齿痕、苔薄白。脉虚弱。,辨证提要①辨证要点:面色萎黄，精神疲惫，口淡食少.肢倦乏力，形体消瘦，腹胀便溏，舌淡脉虚。②辨病程:病程较长.久虚不复。③辨病势:在脾胃气虚证候的基础上。若劳倦伤中，阴火上乘，可出现发热;脾气虚弱.血失统摄，可出现便血、崩漏;脾胃虚弱，中气下陷，可出现脱肛、子宫脱垂、内脏下垂证候。,理法概要饮食不节，或劳倦和思虑过度等因素，损伤脾胃之气，脾胃气虚，运化无力，生化乏源，久之而成虚劳。,治疗宜健脾养胃，补中益气。,四君子汤加味,党参:24克（或人参:10克）;白术:15克;茯苓:12克;山药:15克;炙甘草:10克;陈皮:10克;,TRUE
1679,虚劳,,脾胃阳虚,临床表现面色苍白或虚浮，口淡食少，形寒肢冷，神疲乏力，脘腹冷痛、喜温喜按，肠鸣泄泻，甚则完谷不化。或腹部、四肢、面目浮肿，或妇人带下清稀。舌淡或胖、苔白滑，脉沉迟无力。,辨证提要①辨证要点：面色苍白或虚浮，形寒肢冷，神疲食少，脘腹冷痛，舌淡胖，脉沉迟。②辨气虚阳虚:气虚为阳虚之渐，阳虚为气虚之甚。单纯气虚多无寒象，而阳虚则在气虚基础上必兼寒象面表现出形寒肢冷，脘腹冷痛.下利清谷，脉迟等证象。,理法概要脾胃气虚进一步发展损及脾阳，呈现虚寒状态，即成脾胃阳虚。,治疗时不仅要补其虚，还要温其阳，宜温中健脾。,附子理中汤,制附子:10~15克;党参:24克;白术:10克;干姜:6克;炙甘草:10克;,TRUE
1680,虚劳,,脾胃阴虚,临床表现口干唇燥，不思饮食，胃脘不舒隐隐灼痛，身体消瘦，心烦口渴，肢体倦怠，大便燥结.或干呕、呃逆，舌光红、少津，脉细数无力。,辨证提要①辨证要点：口干不食，身体消瘦，胃脘灼痛，干呕便结，舌光红，脉细数。②辨病因：本证形成，多由脾胃虚弱，饮食不化精微，日久阴液乏源亏虚而成；或由饮食不节食滞蕴热，嗜食辛辣，或情志郁结化火，日久灼伤脾胃阴液而成;亦有外感热病日久耗伤胃阴所致。③辨脾阴胃阴:脾阴即水谷所化之精微，能滋养脏腑润养周身，脾阴亏虚多由内伤久病所致；胃阴即胃中腐熟水谷之津液，胃液亏虚多由外感热病伤津引起。脾阴虚重在肢体倦怠、消瘦、唇燥咽干，治疗着重养阴和营；胃阴虚表现重在口干不食、干呕便结、胃脘灼热.治疗重在益胃生津。,理法概要脾胃虚弱日久，生化乏源，阴液亏损，或热病日久耗伤胃阴，而致脾胃阴虚，久之而成为虚劳。,治疗宜健脾益胃，养阴和营。,益胃汤加味,沙参:18克;麦冬:15克;生山药:24克;白扁豆:15克;生地:24克;玉竹:15克;石斛:15克;陈皮:10克;甘草:10克;冰糖:10克（冲）;,TRUE
1681,虚劳,,心脾两虚,临床表现面色萎黄，神疲乏力，食欲不振，腹胀便溏，心悸健忘，失眠多梦，或眩晕，或肌衄，或月经量少色淡淋漓不尽.舌质淡嫩.脉细弱。,辨证提要①辨证要点:神疲乏力.食少腹张，心悸失眠，舌淡，脉细弱。②辨出血:脾失统摄所致出血，颜色必淡.肌衄渗血点点，崩漏则淋漓不尽。,理法概要劳倦伤中，或饮食不节，脾气损伤，气血化生无源，心血亏虚.而成心脾两虚，久虚不复而为虚劳。,治疗宜补益心脾为法.健脾益气，养血安神。,归脾汤加味,黄芪:24克;党参:15克;白术:12克;茯神:12克;桂圆肉:15克;酸枣仁:10克;当归:10克;远志:10克;木香:6克;山药:15克;柏子仁:10克;炙甘草:10克;,TRUE
1682,虚劳,,肺脾气虚,临床表现面色苍白，精神疲惫.饮食减少，肢倦乏力，声低懒言，久咳不止，气短而喘，痰多稀白，腹胀便溏，或面浮足肿，舌淡、苔白，脉虚弱。,辨证提要①辨证要点:神疲肢倦，食少懒言，久咳或气短而喘.腹胀便溏，舌淡脉虚。②辨病程:食少便溏日久，由脾及肺，久咳或喘不止，病程较长。③辨病势:肺脾气虚，卫表不固，故常易感冒。脾虚运化水湿无力，肺虚宣降水液失职，则水液停滞，兼见面浮身肿。,理法概要饮食劳倦伤脾.土不生金，而致虚劳肺脾气虚。,治宜补益肺脾，以培土生金。,四君子汤;生脉散,党参:24克（或人参:10克）;白术:12克;茯苓:15克;麦冬:10克;五味子:6克;炙甘草:10克;,TRUE
1683,虚劳,,脾肾阳虚,临床表现面色苍白，精神疲惫，畏寒肢冷，腰膝小腹冷痛，久泻不止，甚则下利清谷，或五更泄泻，面目虚浮，或身肿，舌质淡、体胖、苔白滑，脉沉微。,辨证提要①辨证要点：面白虚浮，畏寒肢冷，腰膝或腹冷痛，久泻，舌质淡、体胖、苔白滑，脉沉无力。②辨病程:病程较长，由脾及肾，久泻不止，或肢体水肿。,理法概要脾阳久虚累及肾阳，即可导致虚劳脾肾阳虚证候。,治宜扶土补火，以温肾健脾为法。,桂附理中汤加味,附子:15克;肉桂:6克;党参:24克;白术:12克;干姜:6克;炙甘草:10克;巴戟:15克;补骨脂:10克;,TRUE
1684,肥胖病,,脾胃实热,临床表现体肥健壮，多食易饥，面色红润，口舌干燥，大便秘结，舌红、苔薄黄，脉弦有力。,辨证提要多食易饥，大便秘结，舌红、苔黄等实热内盛的表现是本证的辨证要点。本证多见于素体阳旺，脾胃气盛之人，恣食肥甘厚味，蕴湿生热，热郁痰阻，膏脂凝积形成肥胖。,理法概要胃肠实热，运化失职，痰湿交阻，膏脂堆积。,治宜清胃通腑，祛痰利湿。,麻子仁丸加减,麻子仁:10克;生大黄:12克;莱菔子:20克;赤芍药:15克;生地:15克;草决明:12克;泽泻:15克;半夏:12克;,TRUE
1685,肥胖病,,脾虚痰湿,临床表现体胖壅肿.皮肤细薄，胸闷憋气.气短乏力，体重倦怠，头晕心悸，腹胀饮食不多，下肢有时浮肿，舌苔白或白腻，脉细或缓细。,辨证提要①辨证要点:本证以体肥壅肿，皮肤细薄，体重倦怠，下肢浮肿，气短等为辨别要点。②辨病因:患者过食肥甘，醇酒厚味，久卧久坐少动，损伤脾胃.或素体脾气亏虚，运化失职，水湿内停，膏脂瘀积。若大便秘结，多食易饥者.多为胃肠实热。,理法概要脾胃虚弱，水湿不运，聚生痰浊，脂膏瘀积。,治应健脾利湿，化痰祛瘀。,清消饮,荷叶:12克;泽泻:15克;茯苓:15克;草决明:15克;薏苡仁:15克;防已:15克;生白术:12克;陈皮:10克;黄芪:15克;,TRUE
1686,痿证,,脾胃虚弱,临床表现肢体痿软无力，逐渐加重，甚则肌肉萎缩，食少腹胀，或大便溏泄，面色萎黄或虚浮无华，神疲乏力，舌质淡、苔白，脉细弱。,辨证提要①辨证要点:肢体痿软逐渐加重，形体消瘦，肌肉萎缩，手足痿废不用，食少乏力。②辨病势:本病失治、误治，脾胃气虚日甚，升举无力，进而致中气下陷;病久不愈.气不化津，亦可见气阴两虚。,理法概要脾胃虚弱，气血化源不足，四肢肌肉失养，肢体痿软，肌肉枯萎发为痿证。,治疗宜健脾益气，补养后天。,参苓白术散加味,党参:15克;茯苓:15克;白术:12克;山药:24克;扁豆:15克;薏苡仁:30克;莲子肉:15克;陈皮:10克;砂仁:6克;桔梗:6克;炙甘草:10克;大枣:5枚;,TRUE
1687,痿证,,湿热浸淫,临床表现肢体困重，下肢痿软无力，或见微肿麻木，或发热，胸脘痞闷.小便赤涩热痛，舌苔黄腻，脉濡数。,辨证提要①辨证要点:肢体困重痿弱，多发下肢，足痿不用，舌苔黄腻。②辨病势:湿热蕴积日久，耗伤阴津，常见湿恋阴伤之复杂证候。,理法概要感受湿热或湿郁化热，湿热流于四肢，浸淫筋脉，气血阻滞，两足痿软无力而成痿证,治疗应当清热燥湿，湿去热清，筋脉得舒.则下肢痿躄自愈。,加味二妙散加减,苍术:10克;黄柏:10克;牛膝:15克;防己:10克;薏苡仁:30克;萆薢:15克;甘草:10克;,TRUE
1688,痿证,,痰湿阻滞,临床表现手足痿软，渐至痿废不用，肢体虚浮，或手足肿胀麻木，头身困重.胸闷脘痞，呕恶腹胀.或大便溏泄，舌质淡、苔白腻.脉濡缓。,辨证提要①辨证要点:起病缓慢，肢体困重虚浮，手足痿软无力渐至痿废，苔白腻。②辨标本:证属本虚标实，在本为脾失健运.在标为湿痰阻络。③辨病势:病久不愈。湿滞伤脾损阳，痰浊蕴郁阻络，可出现气虚、阳虚、化热、瘀阻等不同表现，应注意辨识。,理法概要居处潮湿，外受湿邪，湿遏困脾，或脾气虚弱，而致健运失职，生湿酿痰，痰湿阻滞，经络不畅.肢体失养而致痿废不用。,治疗宜健脾燥湿祛痰。,二陈汤加味,半夏:10克;陈皮:10克;茯苓:15克;苍术:6克;白术:10克;枳实:10克;牛膝:15克;甘草:6克;,TRUE
1689,痿证,,气虚瘀阻,临床表现肢体痿软无力，甚则痿废，日久肌肉枯萎，手足麻木不仁，食少，气短懒言，神疲乏力、四肢青筋暴露，舌质淡或黯，舌有瘀点瘀斑，脉沉涩。,辨证提要①辨证要点:气短乏力，手足麻木不仁，肢体痿软无力，萎枯不用，舌淡黯，脉沉涩。②辨标本:证属本虚标实，在本为脾气不足，元气亏虚;在标为瘀血阻滞脉络。③辨病势:病程日久，气血大伤，常致瘫痪不起;瘀血久留不去，形体失荣，导致虚羸成劳。,理法概要脾胃虚弱日久，元气亏损，不能通行营血，血行涩滞，脉络瘀阻，气血失荣而发为痿证。,治疗釆用健脾益气、活瘀通络之法。,补阳还五汤加味,黄芪:30~60克;当归:15克;川芎:10克;赤芍:10克;桃仁:10克;红花:10克;地龙:15克;牛膝:15克;山药:24克;白术:10克;甘草:3克;,TRUE
1690,瘫痪,,气虚血瘀,临床表现肢体瘫软，不能随意运动，四肢无力，神倦气短，面色苍白，或偏身麻木.或手足肿胀，或小便失禁，常兼口眼歪斜，言语謇涩，舌质暗淡，或有瘀点瘀斑.苔薄白或腻，脉细涩或虚弱。,辨证提要①辨证要点:肢体瘫软无力，不能运动，神疲气短，常口眼歪斜和舌謇，舌有瘀点瘀斑，脉虚。②辨或然证:气虚血滞，则兼见偏身麻木;脉络瘀滞，则兼见手足肿胀;气虚失固，则兼见小便失禁;挟有湿痰，则见苔白而腻，脉弦滑。③辨病势:肢体瘫痪的恢复，常自下而上，由下肢先见恢复而逐渐至手指末端，此为瘫痪逐步好转向愈的佳象。若病久元气大伤，肩膀脱落二三指缝，胳膊曲而搬不直，脚孤拐骨向外倒，哑不能言一字，皆属难治之象，预后不良，肢体瘫痪常不易恢复。,理法概要脾胃虚弱，元气亏虚，不能周身，血液凝滞，脉络瘀阻，肢体失养而致瘫痪。,治宜健脾益气，活血通络。,补阳还五汤加味,黄芪:30~120克;当归尾:10~15克;赤芍:10克;川芎:10克;桃仁:15克;红花:6克;地龙:30克;川牛膝:10~30克;党参:15克（或人参:6克）;,TRUE
1692,瘫痪,,气阴亏虚,临床表现热病之后，肢体瘫痪，瘫软无力，四肢不收，或僵硬拘挛，食欲减退，神疲气短，口燥咽干，心烦口渴.唇舌干燥，舌质红、少苔，脉细数无力。,辨证提要①辨证要点:热病之后，肢体瘫痪.四肢不收，食少神疲，口燥咽干，舌红，脉细数无力。②辨兼挟证:温热之邪灼炼津液为痰，痰阻经络，肢体瘫痪.僵直拘挛，形成气阴两虚挟痰证候。③辨病势:瘫痪病久不复，气血大伤，常致形体羸弱。,理法概要外感温热或湿热滞留，耗气伤阴，脾胃气阴两虚，既不能运化水谷化生精微，又不能输布水津滋养周身，形体失养而病瘫痪。,治用健脾益气养阴之法,四君子汤;益胃汤加减,太子参:30克（或西洋参:10克）;白术:10克;麦冬:15克;沙参:15克;玉竹:15克;生地:24克;山药:30克;炙甘草:10克;,TRUE
1693,崩漏,,脾虚,临床表现突然暴崩，下血如冲，或淋漓日久不断，血色淡质薄，并伴有身体倦怠，气短懒言，面色苍白或浮肿，纳差便溏，舌体胖嫩或有齿痕，苔薄润，脉细弱无力或芤。,辨证提要①辨证要点:脾虚证崩漏以暴崩下血为主，其血色淡质薄为特点，面色苍白或浮肿，身体倦怠无力为脾虚之特征。②辨病势:若血崩兼见形寒肢凉，脉微欲绝者，此属脾肾阳衰之象。若见突然晕倒者为血厥。③辨类证:本证候的出血，应与气虚所致的月经过多出血相鉴别。因脾气虚之崩漏表现为月经紊乱无期，同时突然暴下或长期淋漓不尽，月经过多虽有月经量多但不似崩漏出血急，也无漏下不尽之证，并且月经周期正常。,理法概要脾胃之崩漏，究其病机是脾虚气弱，血失所统，冲任不固。,治宜益气升提，固本止血。,固本止崩汤加味,党参:15克;黄芪:30克;白术:10克;升麻:6克;熟地:12克;当归:6克;黑姜:4克;益母草:12克;甘草:3克;,TRUE
1694,带下,,脾虚,临床表现带下色白或淡黄，质稠量多，绵绵不断，无臭气，面色苍白或萎黄，或形体肥胖，倦怠乏力，面浮足肿，纳差便溏，舌淡、苔白或腻，脉濡弱。,辨证提要①辨证要点：带下色白或淡黄，质稠、量多、无臭气。②辨类证：本证候之带下，应与脾肾阳虚之白崩相鉴別。前者带下最多色白质稠，后者带下量多如崩，阴道分泌物流出稀薄如水，色白或透明，且伴畏寒之象。,理法概要脾胃虚弱，运化失司.湿浊下注.任带受损，带下由生。,治宜健脾益气，升阳除湿.,完带汤加减,白术:30克;山药:30克;苍术:9克;党参:12克;柴胡:6克;白芍:9克;升麻:3克;车前子:20克;芡实:10克;荆芥:3克;甘草:3克;,TRUE
1695,带下,,湿热,临床表现带下日久，色黄，质如脓涕，量多，有臭气.或有阴痒，胸胁胀满，口干苦，小便短赤，舌红、苔黄膩，脉滑数。,辨证提要①辨证要点:带下色黄，质如脓涕，量多，有臭气。②辨类证:本证候带下应与湿毒带下相鉴别，前者带下色黄质如脓涕，量多，有臭气。后者带下色黄或绿、杂色带，或浑浊如米泔，气味秽臭量多，多伴有小腹痛等症状。,理法概要肝脾失调.湿邪下注，蕴久化热；湿热薰蒸，损伤任带二脉，而致带下。,治宜清热利湿止带。,易黄汤加味,山药:30克;芡实:15克;黄柏:12克;车前子:30克;白果:10枚;香附:10克;丹皮:12克;白术:10克;,TRUE
1696,恶阻,,脾胃虚弱,临床表现妊娠早期.恶心呕吐清水或清涎，甚或食入即吐，厌闻食气，神疲思睡。纳差便溏，舌淡苔白，脉缓滑无力。,辨证提要①辨证要点：本病发生与受孕时间有关.大多数在停经后40天左右发生恶心呕吐。呕吐物多为清淡水或清诞。②辨病因:孕妇素体脾胃虚弱，孕后精血下养胎元，则脾胃更虚.脾虚不能升清，胃弱不能降浊，受纳运化功能失常而出现恶阻。若前症兼面色苍白，倦怠乏力，白带增多，大便不实者，此属脾胃虚寒之恶阻。③辨类证:本证候的恶心呕吐，应与慢性虚寒胃病呕吐相鉴别。因脾胃虚弱之恶阻，是食入即吐或吐清水，胃不痛，而慢性胃寒之呕吐，大多先胃脘痛，遂致呕吐。,理法概要孕妇素休脾胃虚弱，孕后气血聚下养胎，则脾胃之气血更虚。而冲任气血壅盛，冲气上逆犯胃，致胃失和降而恶阻。,治宜健脾和胃，降逆止呕，佐以安胎为主。,香砂六君子汤加减,党参:12克;白术:10克;茯苓:15克;甘草:3克;姜半夏:6克;陈皮:10克;木香:10克;砂仁:9克;生姜:10克;大枣:3克;,TRUE
1747,恶阻,,肝胃不和,临床表现妊娠早期.恶心呕吐酸水或苦水，胸满胁痛，嗳气叹息，头胀而晕，或乳房胀痛，心烦口苦，舌重偏红、苔薄黄、脉弦滑。,辨证提要①辨证要点:本证之呕吐物多是酸水或苦水，或呕吐物呈黄绿色，这与肝胆两经热盛的轻重有关。②辨热的轻重:肝经郁而未化热者，一般呕吐酸水轻，或不吐酸水，若肝郁日久化热并影响到胆，则呕吐酸苦之水重，这是肝胆实热，热迫胆汁外泄之故。③辨津伤轻重:呕吐之证本伤津耗液，若呕吐不甚，虽然伤津，但经自身调节可得以补充；如呕吐严重，或剧吐而不能进食药者，孕妇很快出现精神萎靡，双目无神，形体消瘦，目眶下陷，发热口渴，尿少，便结，舌红少津，脉细数，此为阴液大伤，若治不及时，则气阴两伤更甚，为恶随之重症，则预后不良。,理法概要肝脏乘脾，肝胆火迫胆汁外泄，肝与冲脉之气挟胆汁上逆犯胃，胃失和降故发恶阻。,治当抑肝清热扶脾，降逆和胃止呕，佐以安胎之法。,芩连半夏竹茹汤加减,黄芩:12克;黄连:6克;龙胆草:6克;竹茹:12克;半夏:6克;枳壳:9克;旋覆花:9克（布包）;,TRUE
1697,恶阻,,痰湿阻滞,临床表现，妊娠早期，呕吐痰涎.胸脘满闷，不思饮食，心悸气短，四肢重乏，或形体肥胖.苔白厚而腻.脉滑或滑而无力。,辨证提要①辨证要点:应注意呕吐物的性状，多为清稀痰涎或粘液，多无气味，脉多缓滑无力。②辨体质:素体脾虚，形体偏胖，脾虚运化失司，多痰，多湿，痰湿内停，阳滞中宫。因孕后冲气盛而上逆犯胃，痰湿、痰饮之邪随冲气上逆而发恶阻。③辨嗜好:孕妇平素多有喜食生冷，或喜食肥甘厚味之嗜好，应详察追溯病史可辨之。多食则损伤脾胃。水谷之精微失运内停而主湿，湿聚生痰饮。受孕后冲任气盛而上逆，痰饮随冲气上逆则呕吐痰涎。,理法概要脾虚失运.痰湿内停。孕初冲任气盛而上逆犯胃，痰饮随冲气上逆而呕吐痰涎。,治宜化痰除湿，和胃降逆为主，芳香化湿安胎之品,小半夏;茯苓汤加减,半夏:9克;生姜:10克;茯苓:15克;白术:10克;砂仁:8克;陈皮:10克;,TRUE
1698,阴挺,,脾虚中气下陷,临床表现妇女阴中有物脱出，或脱出阴道口外.卧则还纳收内，劳则加重，自觉小腹下坠，四肢无力，神疲气馁，面色无华.或心悸气短.小便频数，带下量多，质稀.舌淡苔薄，脉虚细无力。,辨证提要①辨证要点:本病发生与素体脾虚有关，产伤及产褥期患其他疾患为诱发本病之因，阴脱之物，卧则还纳收内，劳则加剧，四肢无力，神疲气馁。②辨病因:平素脾胃虚弱，中气不足，产褥期过早过度劳累伤力耗气，则使脾气更虚，中气下陷，气虚不能举胞，任带二脉虚不能固胞，则阴挺下脱。若前症兼面色苍白，心悸气短，这是脾虚不能生化气血上荣于面，养于心；若出现白带量多，质稀色白，此属脾虚不能运化水谷之精微.反变为湿邪伤任带之脉而成。,理法概要素体脾胃虚弱，中气下陷不能举胞，任带损伤不能固胞，故致阴挺下脱。,治宜补中益气，升阳举陷为主，佐以收涩固脱。,补中益气汤加减,党参:30克;黄芪:50克;当归:12克;陈皮:10克;白术:15克;柴胡:10克;升麻:3克;甘草:5克;金樱子:10克;乌梅肉:10克;枳壳:40克;,TRUE
1699,阴挺,,脾肾阳虚,临床表现阴中有物脱出阴道口外，久脱不复。面浮肢肿，腹胀纳差，腰酸腿软，小便频数，白带冷质稀，苦淡苔白或腻，脉沉缓无力。,辨证提要①辨证要点:脱出部分发冷久不收.腰酸下坠.四肢无力。白带清冷质稀.脉多沉缓无力。②辨体质:素体中气亏.先天禀赋不足，或早婚多产密产更损伤脾肾，冲任虚损不能固胞，所以阴挺下脱而久不复位。,理法概要本证系脾肾气虚不能系胞，冲任亏虚不能固胞，加之产时损伤胞脉，故阴挺下脱久不收。,治应健脾固肾为主，佐以益气升提。,大补元煎加减,人参:6克;山药:20克;山萸肉:15克;熟地:15克;杜仲:12克;当归:10克;枸杞子:12克;炙甘草:5克;柴胡:6克;鹿角胶:10克;金樱子:10克;芡实:10克;,TRUE
1700,阴挺,,湿热下注,临床表现阴中脱出物表面红肿热痛，脱出物部分流水溃烂，小腹坠胀，外阴肿痛，心烦易怒，胸胁满，口苦，便结，溲赤，舌质红，苔黄或黄膩，脉弦滑数或沉无力。,辨证提要①辨证要点:阴挺脱出部分红肿热痛；甚或感染溃烂，黄水淋漓有秽臭气，脉多滑数或沉无力。②辨脱出物:脱出物红肿热痛，谓肝经湿热下注;脱出物无红肿，或微红肿，但无渗出液者，乃气虚之证。若脱出物红肿、溃烂流黄水并有秽臭气者，为湿热下注，感染外来毒邪。,理法概要本证系湿热下注，外毒侵袭所致。,故治疗应遵急则治标，缓则治本之理，先清利湿热，继而益气健脾，升阳固脱。,龙胆泻肝汤加减,龙胆草:10克;炒山栀:15克;黄芩:9克;生地:15克;当归:12克;柴胡:9克;泽泻:12克;车前子:20克;木通:10克;甘草:3克;,TRUE
1701,鹅口疮,,心脾积热,临床表现口腔舌面满布白屑，唇红面赤，口臭，流涎，烦躁不宁，叫扰啼哭，口干或渴，大便秘结，小便短赤，舌质红，苔黄腻，脉数.指纹紫滞。,辨证提要①辨证要点：口腔舌面满布白屑.状如鹅口，且白屑不易擦去，口臭流涎.口干渴。②辨病因：本病发生多因孕妇平时喜食辛热炙煿之品.胎热内蕴.遗留胎儿.或因出生后喂养失宜，或口腔不洁.为秽毒之邪所侵而致。,理法概要先天胎毒内留，或口腔不洁，感染秽毒而致本证。,治宜清泄心脾积热.内外合治。,清热泻脾散加减,栀子:6克;生石膏:30克;黄连:3克;黄芩:3克;生地:6克;茯苓:10克;灯心草:10克;竹叶:3克;生甘草:3克;,TRUE
1702,鹅口疮,,虚火上浮,临床表现口舌白屑稀散，周围浅红，形体怯弱，五心烦热，面白颧红，神气困乏，口干不渴，食欲不振，时轻时重，或大便稀溏，舌嫩红、少苔，脉细数，指纹淡红。,辨证提要①辨证要点：口舌白屑稀疏，手足心烦热，面白颧红，舌嫩红少苔。②辨病因：由于先天禀赋不足，或后天调护失宜，或久病、久泻，阴津亏损，水不制火，虚火上浮而然。③辨热的轻重:若见有发热者.应注意区分热的轻重，轻者滋阴潜阳，重者须佐苦寒清热之品。④辨体质:若患儿形体消痩，毛发枯焦.治疗除滋阴潜阳外，还应注意调补后天之本.以助生化之源。,理法概要本证由先天禀赋薄弱，或后天调理失宜而致真阴虚损，阴虚阳亢，虚火上浮所致,故治宜滋阴潜阳，引火归源。,六味地黄丸加味,熟地:10克;山萸肉:6克;丹皮:3克;泽泻:3克;山药:6克;茯苓:10克;肉桂:1克;,TRUE
1703,水痘,,水痘轻证,临床表现微热或不发热，鼻塞流涕、常伴有轻微咳嗽，喷嚏等症。1~2天内出疹，疹点稀疏，皮疹稍有痒感，此起彼落，以躯干部多发，四肢较少.疹色红润.疱浆清亮；根盘稍显红晕，精神尚好。舌苔薄白，脉浮数。指纹淡紫而浮露。,辨证提要①辨证要点:低热或不发热，鼻塞流涕，轻微咳嗽，喷嚏，1~2天内出疹，疹点稀疏疱浆清亮。②辨病位:外感时行邪毒.出现发热.咳嗽等肺卫症状。邪热引动内郁之湿邪，向外透发则疱浆清彻明晶。同时苔白脉浮，均表明此时邪毒在表而轻浅，邪热郁结肺脾，邪在卫气，未累及营血及其它脏腑。③辨轻重：低热或不发热，疹色红润，根盘红晕不著，疹点稀散，疱浆清亮，躯干多发，表明感邪较轻.正气较强.病势轻浅，病程进展和顺，无夹杂并发证候。④辨水瘟分布部位：水痘疱疹布露，呈向心性分布，以躯干部多发，四肢较少，也可见于头皮、口腔粘膜及眼结膜等处；为正常布散。,理法概要时行邪毒犯及肺卫，肺失宣肃，时邪与内湿相搏，透发肌肤而为水痘。,故治宜疏风清热，解毒祛湿。,银翘散加减,金银花:12克;连翘:10克;竹叶:5克;荆芥:3克;牛蒡子:6克;淡豆豉:6克;薄荷:3克;芦根:10克;车前子:6克;茯苓:6克;甘草:3克;,TRUE
1704,水痘,,水痘重证,临床表现壮热不退，烦躁不安或神萎不振，口舌生疮.口渴欲饮，面红目赤，水痘分布稠密，根盘红晕显著，疹色紫喑，疱浆混浊；皮疹瘙痒较甚，便干溲黄。舌质红绛，舌苔黄糙而干，脉洪数，指纹紫暗。,辨证提要①辨证要点:壮热持续，神情不安，水痘稠密.疹色紫暗.舌糙质绛。②辨病位:水痘稠密，疹色紫喑，为邪毒内犯.气营热炽;若疹色黑紫.则为邪郁血分。③辨轻重:壮热神烦.口渴欲饮，痘疹密布.色紫浆晦.根盘红晕显著，则提示毒热炽烈，邪盛正虚.病热重笃，古称“赤痘”。④辨水痘分布部位：水痘分布稠密，全身布发.口胶粘膜见疹，以致口舌生疮，则提示水痘非正常布散。,理法概要时行邪毒入里传化，毒热炽盛.蕴郁气营，蒸腾三焦，心火偏亢，热毒挟湿浊之邪外透肌表。,故治宜清解气营，凉血解毒，渗湿化浊。,清营汤加减,生地:6克;玄参:6克;金银花:20克;连翘:12克;黄连:3克;黄柏:3克;生石膏:20克;紫草:10克;丹皮:6克;,TRUE
1705,慢惊风,,脾虚肝旺,临床表现形神疲惫，面色萎黄，不欲饮水，嗜睡露睛，四肢不温，大便稀薄，色带青绿，足跗及面部有轻度浮肿，时或抽搐，舌淡苔白，脉沉弱。,辨证提要①辨证要点:面色萎黄.形神疲惫，嗜睡露睛，时或抽搐。②辨标本虚实：本病脾虚在先，为病之本;肝旺住后，为病之标。其病位在脾胃，为虚证、寒证。,理法概要大吐大泻或急惊风失治误治，伤及脾胃，运化失司，气血亏虚，肝木失养而发为本证。土虚木亢是本证的主要病机。,故治宜温运脾阳，扶土抑木。,缓肝理脾汤加味,党参:6克;白术:6克;茯苓:6克;山药:10克;扁豆:10克;白芍:3克;钩藤:3克;桂枝:2克;煨姜:3克;炙甘草:3克;大枣:2枚;,TRUE
1706,慢惊风,,脾肾阳虚,临床表现精神萎靡，面色苍白或灰滞，额汗涔涔，扪之不温，四肢厥冷，沉睡昏迷，手足蠕动，大便澄清，舌淡、苔薄白，脉沉微。,辨证提要①辨证要点：精神萎靡，面色苍白，四肢厥冷，手足蠕动。②辨病势：脾阳不足.久之必殃及于肾，肾阳衰微，则元气虎弱.火不生土，呈现一派脾肾阳虚之象。若本证日久不愈，真阳衰惫，阴寒充斥内外，形成“纯阴无阳”的慢脾风，属于本证的危重证候。,理法概要本证的主要病机是由于禀赋怯弱，脾肾素亏，复因病后长期失养，脾阳受伤，继而损及肾阳，引起脾肾阳虚，脏腑经脉失却温煦，而致虚风内动。,治宜温补脾肾.问阳救逆。,固真汤加味,党参:6克;茯苓:6克;白术:3克;黄芪:6克;炙甘草:3克;乌附子:3克;肉桂:1克;山药:6克;核桃肉:6克;,TRUE
1707,慢惊风,,阴虚风动,临床表现虚烦疲惫，面色潮红，身热消瘦，手足心热，肢体拘挛或强直，时或抽搐，舌光无苔.舌质红而少津，脉沉细面数。,辨证提要①辨证要点:虚烦疲惫，面色潮红，于足心热，时或抽搐，舌光无苔。②辨阴伤：急惊风或温热疾患，迁延未愈，日久耗伤阴液.阴虚不能潜阳，血虚不能涵养肝木，可出现一派阴虚风动之象。,理法概要热病久延未愈，耗伤阴津，肝肾阴亏，筋失濡养，水不涵木，阴虚风动发为本病。,治宜滋阴潜阳，柔肝熄风。,大定风珠加减,熟地:6克;阿胶:6克（烊化）;五味子:3克;麦冬:3克;白芍:3克;炙甘草:3克;鳖甲:3克;龟板:3克;牡蛎:6克;杞果:6克;山萸肉:6克;鸡子黄:1枚（冲）;,TRUE
1708,疳证,,积滞伤脾,临床表现面色萎黄.形体稍现消瘦，毛发稍稀.精神不振.困倦喜卧，或性情烦躁，易怒易哭，脘腹胀满，不欲饮食，夜眠不宁，喜伏卧或齘齿.大便溏臭或便秘，针刺四缝穴可挤出清亮粘液。舌质淡红、舌苔薄黄，根部微厚腻.脉沉缓有力，指纹淡紫。,辨证提要①辨证要点：此证突出表现为纳呆.不思饮食，性情烦躁，易怒易哭，既往有积滞病史。②辨病程:积滞伤脾证病程较短.为疳证早期。③辨病位:本证因属疳积之早期，故病位仅在脾胃，他脏尚未受累。④辨有积无积:疳之有积无积，在于腹部是否胀满，脘腹胀满，舌根部厚腻者多有积滞；腹不胀满，苔薄者为无积滞。或少有积滞。,理法概要积滞内停.脾胃受损，健运失司，气血不充，而形成本证。,治宜消积理脾，和胃健运。,肥儿丸加减,党参:6克;白术:6克;茯苓:6克;胡黄连:3克;炒麦芽:10克;使君子:6克;木香:3克;陈皮:6克;炒山楂:10克;肉豆蔻:6克;神曲:10克;甘草:3克;,TRUE
1709,疳证,,脾虚气弱,临床表现面黄无华上形体消瘦，纳呆食少。头发稀黄成束，精神不振，困倦嗜睡.或烦躁不安；脘腹胀满。较重者可出现腹大青筋.夜眠不宁。大便多酸臭，针刺四缝穴可自行溢出清亮粘液。舌质淡、舌苔黄百相间而膩，脉细无力，指纹淡紫。,辨证提要①辨证要点：头发稀黄成束，形体消瘦较明显者.属脾虚气弱。此时头发尚未焦黄无泽，形体尚未十分消瘦，②辨病程：本证由积滞伤脾进一步发展而来，积滞未消，中气受损，故属疳证的中期阶段。③辨虚实:疳证虚实之辨，在于腹部是否柔软，柔软者为脾虚不运，属虚证；腹竖者，为积滞内停，属实证。本证脘腹胀而痞满，且脉细无力，为虚中夹实，虚多实少证候。,理法概要此证脾胃受损较前证为重，脾胃虚弱.运化乏力，积滞未消，胃有伏热，虚中夹实。,治宜益气健脾.消积清热。,参苓白术散加减,党参:6克;白术:6克;茯苓:6克;陈皮:6克;莲子肉:6克;砂仁:3克;薏苡仁:6克;鸡内金:6克;木香:3克;栀子:6克;灯芯草:6克;炙蟾皮:3克;,TRUE
1710,疳证,,气血两虚,临床表现面色苍白，唇干口渴，毛发焦枯，声怯乏力，纳呆厌食，形体极度消瘦，大肉已脱，头大颈细，皮肤干瘪多皱，面部呈现老人貌、或鸡胸龟背，雀目不明，腹凹如舟，精神萎顿，表情呆滞。大便溏泻，针刺四缝穴有黄色粘液溢出，牵丝不断。舌淡苔光，脉细弱无力，指纹色淡。,辨证提要①辨证要点:形体极度消瘦，体重减轻十分明显，本证最主要的表现，尤其是面部、背部、臀部，皮肤脂肪极薄，弹性差，多皱折，形成“老人貌”。②辨病程:此证多由疳枳迁延日久而成，为疳证的晚期阶段。③辨病势:本证系以脾胃虚极为主的全身衰竭，亦称“疳极”、“干疳”，为疳之重候，最易发生卒然虚脱。,理法概要由于久病体虚、脾胃之气衰败，气血生化无源，气液耗伤，血致气血双亏之找重证。,故治宜健脾养胃，气血双补。,八珍汤,人参:3克;白术:6克;茯苓:6克;炙甘草:6克;当归:6克;白芍:6克;熟地:4克;川芎:6克;,TRUE
1711,乳痈,,肝都胃热（郁乳期）,临床表现乳房部肿胀触痛，皮肤微红或不红。肿块或有或无，乳汁排泄不畅，恶寒发热，骨节酸痛，胸闷纳差，口渴，舌苔薄黄，脉浮数。,辨证提要以乳房肿胀触痛，皮肤微红，乳汁排泄不畅，恶寒发热，脉浮数为辨证要点。,理法概要肝气不舒，胃中蕴热，乳络不通，乳汁郁积，蕴结化热成痈。,治宜疏肝清胃，通乳散结。,瓜蒌牛蒡汤,全瓜蒌:30克;牛蒡子:15克;天花粉:15克;黄芩:10克;陈皮:10克;生栀子:10克;皂角刺:10克;金银花:24克;青皮:6克;柴胡:10克;连翘:18克;甘草:6克;,TRUE
1712,乳痈,,热毒内应(成脓期）,临床表现肿块逐渐增大，皮色焮红，硬结明显，疼痛加重，壮热不退，口渴喜饮。若硬块中央变软，按之有波动感时，则脓已成。舌苔黄，脉弦数。,辨证提要①辨证要点:以乳房肿块明显，硬痛，皮色焮红，壮热，脉数为辨证要点。②辨酿脓脓成:若乳房肿硬，有持续性搏动性疼痛，此为酿脓征象;若硬块中央渐软，按之有搏动感，则为脓已成。,理法概要热毒蕴结不散，热盛肉腐而成脓。,治宜清热解毒，托里透脓。,托里消毒散加减,党参:15克;黄芪:12克;白术:10克;川芎:10克;当归:10克;赤芍:10克;金银花:30克;蒲公英:30克;白芷:10克;皂角刺:10克;生甘草:6克;,TRUE
1713,乳痈,,气血亏虚（溃破期）,临床表现脓肿溃破，脓出，热退身凉，肿痛逐渐消退，神疲乏力，舌红、少苔，脉细数无力。,辨证提要以溃破脓出，热退，肿痛消减，神倦，舌红为辨证要点。,理法概要脓为气血所化，正气托毒外出，则痈肿溃破出脓，脓出而毒邪外泄。,治宜补益气血，托里排脓。,四妙汤,黄芪:30克;当归:15克;金银花:15克;甘草:10克;,TRUE
1714,肠痈,,肠痈初期,临床表现腹痛开始于上腹部或脐周围，逐渐转移至右下腹天枢穴附近.呈持续性隐痛或阵发性加剧；有的右下肢伸直时牵引右下腹痛，右侧天枢穴附近有明显压痛点或拒按，可有轻度的腹皮挛急。两侧足三里.、上巨虚穴附近有压痛点。直肠指诊时直肠前壁右侧有触痛。常伴有轻度发热，恶心，食欲不振，大便干燥小便黄，舌苔白腻，脉弦或弦数等。,辨证提要本证初期以上腹部窜痛、部位不定；以后转移固定在右下腹痛，腹痛拒按，痛有定处为辨证要点。,理法概要气滞血瘀，湿热内蕴为基本病机,治宜行气散瘀，通腑泻热为主。,大黄牡丹汤加减,大黄:18克;牡丹皮:10克;桃仁:12克;冬瓜仁:30克;败酱草:15克;木香:6克;,TRUE
1715,肠痈,,酿脓期,临床表现腹痛加剧，右下腹有明显的腹皮挛急，甚则扩至全腹，腹痛拒按，有明显压痛、反跳痛，右下腹可触及包块，壮热不退，恶心呕吐，纳差，便秘，小溲短赤，舌苔厚腻或黄燥，脉洪数。,辨证提要此期为气滞血瘀化热未解，导致热盛肉腐而成脓。,理法概要积热不散，热盛肉腐为基本病机,治以通腑泄热，解毒透脓为主。,大黄牡丹汤加减,大黄:18克;丹皮:10克;桃仁:10克;冬瓜仁:30克;芒硝:6克（冲服）;金银花:15克;败酱草:30克;白花蛇舌草:20克;薏苡仁:15克;,TRUE
1716,肠痈,,溃脓期,临床表现腹痛扩至全腹，腹皮紧急，胀满如鼓，全腹压痛，反跳痛，恶心呕吐.食不能入。大便次数增多，似痢不爽，小便频数似淋，转侧可闻水声，时时汗出，身皮甲错，二目下陷，口干而臭，舌质红绛，苔黄燥或干裂，脉细数。,辨证提要此期为热毒炽盛、化火伤阴，若不及时治疗可导致亡阴之危候。,理法概要阳明腑实，热盛伤阴。,治宜通腑排脓、养阴清热为主。,大黄牡丹汤;增液汤加减,大黄:18克;丹皮:12克;金银花:30克;白花蛇舌草:20克;败酱草:15克;生石膏:30克;生地:12克;元参:10克;芒硝:5克（另包冲服）;羚羊角:3克（另煎）;甘草:6克;陈皮:10克;,TRUE
1717,上胞下垂,,脾气虚弱,临床表现双眼上胞下垂.起病较缓，晨起轻、午后重，或饥饿、劳作后加重，兼见身疲乏力，食欲不振，甚者吞咽困难，舌淡脉虚。,辨证提要本证以发病缓慢，午后或饥饿、劳作后加重为辨证要点。,理法概要脾虚则清阳不能升达于目，胞睑脉络失于温煦濡养,故治以益气健脾之法。,补中益气汤加味,黄芪:15克;炙甘草:10克;人参:10克;当归:10克;橘皮:12克;升麻:12克;柴胡:12克;白术:12克;地龙:6克;伸筋草:6克;,TRUE
1718,上胞下垂,,风痰阻络,临床表现多为单眼，亦或双眼上.胞垂缓，发病较急，睑肤麻木，兼见眼珠偏视，运动障碍，头晕目眩；恶心，舌苔白腻，脉弦滑。,辨证提要本证以发病较急，伴眼珠偏视为辨证要点。,理法概要风痰阻于胞睑，脉络郁滞而发病。,治当以袪风除痰通络为法。,正容汤,羌活:9克;白附子:6克;防风:6克;秦艽:12克;胆南星:10克;白僵蚕:10克;清半夏:12克;木瓜:10克;甘草:6克;黄松节（即茯神心木）:12克;生姜:3片;,TRUE
1719,上胞下垂,,脾肾阳虚,临床表现自幼双眼上胞下垂，视物时仰头皱额，甚至用手提起睑胞;视力障碍，兼见畏寒肢冷，小便清长，大便溏稀，舌质淡，脉沉细。,辨证提要本证以自幼双眼发病，舌质淡，脉沉细为辨证要点。,理法概要证属先天不足.肾阳虚不能温煦脾阳致脾肾阳虚而发病,治当用温补脾肾之法。,右归饮加味,熟地:24克;山药:12克;山萸肉:9克;枸杞子:12克;鹿角胶:12克;菟丝子:12克;杜仲:12克;当归:10克;肉桂:6克;制附子:9克;柴胡:10克;,TRUE
1720,胞虚如球,,脾肺气虚,临床表现胞睑虚浮如球，时发时消，色皮如常，喜热熨.气短懒言，咳声低微，面色不华，食少便溏，舌淡苔白，脉弱等。,辨证提要①本证以胞睑虚软如球，皮色不变，时发时消为辨证要点，②病程日久，兼见胞睑皮色微红。眦部微赤，口渴不欲饮，舌苔黄腻者.属脾虚湿郁化热之象。,理法概要脾肺气虚，脾失健运，肺失通调，水湿停滞而上泛.故而致胞睑虚浮如球。,治宜补益脾肺，渗湿利水。,参苓白术散加减,党参:15克;白术:12克;黄芪:15克;茯苓:12克;白扁豆:20克;陈皮:9克;山药:15克;炙甘草:6克;莲子肉:9克;薏苡仁:20克;桔梗:9克;砂仁:9克;,TRUE
1721,胞虚如球,,脾肾阳虚,临床表现胞肿虚软如球，皮色苍白，神疲乏力，脘闷纳呆，畏寒肢冷，腰膝酸软，小便不利，舌质淡，脉沉弱。,辨证提要①本证以胞肿虚软如球，皮色苍白，畏寒肢冷为辨证要点。②辨病史:若浮肿始于下肢，逐渐波及胞睑、颜面者，则非本病范畴，可参照水肿病辨证论治。,理法概要脾阳虚不能运化水湿，肾阳虚不能蒸化水液，水湿内停，上渍胞睑，故致浮肿。,治宜温补脾肾，化气行水。,附子理中汤;肾气丸加减,干姜:9克;党参:12克;白术:15克;炙甘草:6克;熟地:15克;山药:15克;山茱萸:9克泽泻:9克;茯苓:12克;丹皮:6克;桂枝:9克;附子:9克;,TRUE
1722,胞虚如球,,脾虚血亏,临床表现晨起胞睑浮肿明显，疲劳则下肢亦见肿胀，面色无华，能食而乏力，小便正常或反多，大便不实，或兼心悸少寐，舌质淡，苔薄白，脉细弱。,辨证提要①本证以晨起胞睑浮肿明显，面色无华，小便正常或反多为辨证要点。②辨病史:本证多见于体虚久病、慢性失血、虫积等病之后，故应结合病史明辨之。,理法概要脾胃虚弱，化源不足，气血亏虚，气失舒展，湿郁而为肿。,治宜健脾养血，佐以渗湿，不宜过度分利。,归脾汤加减,黄芪:25克;白术:12克;茯苓:15克;薏苡仁:20克;酸枣仁:9克;党参:15克;木香:9克;炙甘草:6克;当归:15克;远志:9克;,TRUE
1723,胞生痰核,,痰温阻络,临床表现胞睑内生硬结，皮色不变，按之不痛，推之可移，翻转胞睑内面呈黄色隆起，舌苔白腻，脉滑。,辨证提要本证以胞睑内结肿色黄，苔白腻，脉滑为辨证要点。,理法概要本证属痰湿阻滞于胞睑，结聚成核而发病。,故治以健脾燥湿化痰为法。,化坚二陈丸,陈皮:12克;半夏:15克;茯苓:20克;生甘草:6克;黄连:10克;白僵蚕:12克;荷叶:10克;,TRUE
1724,胞生痰核,,痰热阻结,临床表现胞睑内生肿核，轻度隆起，皮色稍红，时有痛感;翻转胞睑，可见胞内面相应部位呈紫红或暗红色，甚则红肿疼痛加重。,辨证提要本证以痰核红肿疼痛为辨证要点。,理法概要本证属痰湿与邪热搏结于胞睑而发病。,故治以清热燥湿、化痰散结为主。,防风散结汤加减,防风:10克;荆芥:10克;独活:12克;红花:10克;当归:12克;滑石:10克;桑白皮:12克;蚕砂:15克;土茯苓:20克;赤芍:12克;石斛:12克;陈皮:10克;法半夏:12克;竹茹:10克;,TRUE
1725,睑弦赤烂,,脾胃湿热,临床表现睑弦红赤，痛痒并作，眵泪胶粘，睫毛成束，有黄色结痂，除去痂皮可见出血性溃疡或小脓疱，睫毛脱落不能再生。可兼见脘腹痞闷，大便溏泄，小便短黄，舌苔黄腻，脉濡数。,辨证提要①本证以睑弦红赤痛痒。眵泪胶粘为辨证要点。②辨病程:湿热互结.缠绵难愈，故本证易反复发作，病程较长.可长达数年之久。,理法概要湿热蕴结脾胃，循经上泛胞睑，热盛则红赤痒痛;湿盛则眵泪胶粘。腚痞、便溏、溺黄等症，皆为脾胃湿热之征.,治当清热利湿。,除湿汤加减,茯苓:20克;滑石:9克;木通:10克;车前子:10克;黄芩:9克;黄连:9克;连翘:10克;甘草:6克;荆芥:6克;防风:6克;枳壳:9克;陈皮:9克;,TRUE
1726,睑弦赤烂,,脾经风热,临床表现睑弦刺痒，灼热疼痛，甚至双眼难睁，视物不能持久，干涩不适。睫毛根部发生糠皮样鱗屑，除去皮屑，睑弦变红.睫毛易脱落，脱落后能再生。舌质红，苔薄黄，脉数或浮数。,辨证提要①本证以睑弦红赤刺痒，灼热疼痛，睫毛根部有糠皮样鳞屑，睫毛脱落可以再生为辨证要点。②本证虽属表里俱热，但初期之表热.日久之津伤血燥。多无明显的全身兼症，而以眼睑局部的表现为主。,理法概要脾经郁热，复受风邪，风热客于胞睑，经络阻滞，气血不畅，则睑弦刺痒，灼热疼痛；风热皆属阳邪，易伤津液，津伤血燥，睑弦失濡，则脱皮如屑。,治宜疏风止痒，清热泻火。,除风清脾饮加减,荆芥:9克;连翘:9克;防风:9克;知母:10克;黄芩:9克;元参:9克;黄连:9克;陈皮:9克;桔梗:9克;生地:12克;赤芍:10克;,TRUE
1727,睑弦赤烂,,心脾积热,临床表现两眦部睑弦红赤糜烂，灼热刺痒，甚者眦部睑弦破裂出血，或兼口舌生疮，小便短黄，大便秘结，舌尖红、苔黄，脉数。,辨证提要①本证以两眦部睑弦红赤，糜烂刺痛为辨证要点。②辨病位:本证病在心脾.以心为主，故睑弦糜烂发于眦部，甚或破裂出血，并见舌疮，溺黄等症。,理法概要心脾积热，循经上炎，灼伤睑眦，而成本证。,治宜清泻心脾积热。,导赤散;黄连解毒汤加减,生地:15克;木通:10克;竹叶:10克;甘草梢:6克;黄连:9克;栀子:9克;黄芩:9克;,TRUE
1728,针眼,,风热客目,临床表现胞睑微肿，形似麦粒，色微红.痒痛不著，兼有恶风发热、头痛等症，舌苔薄白微黄，脉浮数。,辨证提要：①本证以胞睑微有红肿痒痛为辨证要点。②素体热盛，局部肿痛较甚者，应与脾胃热盛证相鉴別。,理法概要风热同属于阳邪，其客于胞睑.伤及脉络，气血不和，故致胞睑红肿痒痛。,治以疏风清热。,银翘散加减,连翘:15克;金银花:15克;薄荷:5克;荆芥:5克;牛蒡子:12克;菊花:12克;甘草:5克;竹叶:15克;淡豆豉:9克;,TRUE
1729,针眼,,脾胃热盛,临床表现胞睑局部肿胀，硬结明显，灼热疼痛，继之脓成破溃。全身兼有头痛，发热，口渴，溺黄，便秘，舌苔黄，脉滑数。,辨证提要①本证以胞睑局部红肿痛进行性加剧，硬结明显而拒按为辨证要点。②辨病位:若针眼发生在眦角，多属心脾热盛。,理法概要脾胃蕴热，上攻胞睑，阻滞脉络，燔灼气血，故疖肿红赤疼痛。口渴、便秘、苔黄为热盛伤津之症。,治宜清热泻火，活血消肿。,仙方活命饮加减,金银花:30克;赤芍:9克;当归尾:10克;皂角刺:6克;天花粉:15克;穿山甲:6克;制乳香:6克;制没药:6克;陈皮:6克;贝母:6克;白芷:9克;防风:3克;甘草:6克;,TRUE
1730,针眼,,脾胃伏热,临床表现胞睑硬结未消，红赤未尽，而新疖又生，全身可无明显兼症，舌苔黄，脉数或滑数。,辨证提要①本证以睑弦疖肿，反复发作，自觉症状不重为辨证要点。②辨诱因：因外感风热诱发者，可兼见发热恶风，头痛，全身不适等；因恣食辛辣诱发者，可兼见口干，心烦，手足心热，便秘等症。,理法概要脾胃伏热，上攻胞睑，经络阻滞.气血失畅，而致疖肿反复难愈。,治宜清脾胃伏火，理气活血。,清脾散加减,栀子:9克;赤芍:9克;枳壳:6克;升麻:6克;黄芩:9克;陈皮:9克;霍香:9克;防风:6克;石膏:20克;甘草:6克;薄荷:6克;,TRUE
1731,针眼,,脾胃虚弱,临床表现胞睑疖肿发复发作，微肿，微痛，兼见面色萎黄，倦怠乏力，食欲减退，舌质淡.脉弱。,辨证提要①本证以胞睑疖疮反复发作，微肿微痛为辨证要点。②病程日久，脾虚湿聚成疾者，局部硬结难以消失。,理法槪要脾胃为后天之本，气血生化之源。脾虚则气血生化乏源，致无力驱邪；或易于感邪，故胞睑疖疮反复发作。,治宜健脾益气，扶正祛邪。,四君子汤加减,党参:12克;白术:9克;茯苓:9克;炙甘草:6克;白芍:6克;当归:15克;枳壳:9克;,TRUE
1732,黄液上冲,,脾胃积热,临床表现黄液上冲.抱轮红赤，瞳神紧小，羞明流泪，头目剧痛，口渴喜饮，大便秘结.舌苔黄，脉数。,辨证提要本证以在黑睛与黄仁之间见有脓液沉积为辨证要点。,理法概要阳明经脉自下而上循目运与邪热盛于阳明胃经而见黄脓冲目。,故当以清热解毐，泻火通腑之法治之。,通脾泻胃汤加减,知母:12克;人黄:10克;黄芩:12克;茺蔚子:12克;石膏:15克;栀子:10克;玄参:10克;防风:10克;,TRUE
1733,视瞻昏渺,,湿热蕴结,临床表现自觉视物昏矇，或兼见黑花飞舞，或视瞻有色及视大为小，视直为曲等。眼底可见视网膜、脉络膜有边界模糊之黄白色渗出斑.或仅见黄斑区水肿、渗出，中心凹反光不清或消失等，全身症兼头重眩晕，脘闷纳呆，口干口苦，小便短黄，大便秘结或溏，舌苔黄腻，脉濡数或滑数。,辨证提要①本证以视物昏矇，黄斑区水肿、渗出，中心凹反光不清或消失为辨证要点。②若湿热灼津成痰，痰热阻滞目络者，则病变区比较污秽，渗出物多呈团状，并见胸闷痰多等症。③眼底水肿明显者.多属湿重于热，可参照脉舌等兼症，进一步辨析湿与热孰轻孰重。,理法概要湿热互结于脾胃，逆而上泛，熏蒸目窍，致眼底水肿，故见视物昏矇，视直为曲等，湿热郁遏气机，脾失升清，胃失降浊，则头重眩晕，脘闷纳呆。,治当清热利湿，宣畅气机。,三仁汤加减,杏仁:9克;白蔻仁:12克;薏苡仁:30克;滑石:30克;车前子:12克;半夏:9克;厚朴:6克;通草:6克;竹叶:15克;,TRUE
1734,视瞻昏渺,,气滞湿阻,临床表现视力渐降，或视物变形；或视觉中央有黄色阴影遮隔。眼底可见黄斑区暗红，有渗出物及色素沉着，中心凹反光不清等病变。可兼见胸胁胀满不舒，脘闷纳呆.嗳气.善太息，大便溏薄，舌质淡、苔白腻，脉弦细。,辨证提要①本证以视力渐降.视物变形.胸胁胀满.脘闷纳呆为辨证要点。②肝郁化热者，可兼见眩晕、口苦咽干、心烦等症。③病情顽固难愈，眼底小血管弯曲，黄斑区明显暗红者，多属气滞血瘀。,理法概要肝气郁结，横逆乘脾，脾失健运.水湿不化，血行不畅.壅遏目窍而渐成本证。,治当疏肝理气，健脾化湿。,柴胡疏肝散;五苓散加减,柴胡:9克;白芍:12克;川芎:9克;香附:9克;枳壳:12克;白术:15克;茯苓:15克;猪苓:9克;泽泻:6克;桂枝:6克;炙甘草:6克;,TRUE
1735,视瞻昏渺,,气血亏虚,临床表现二目干涩，视物昏矇，或视物变形，眼底可无明显改变，或见黄斑区轻度水肿，有渗出物及色素沉着，中心反光弥散，兼见面色萎黄，心悸气短.眩晕失眠，倦怠乏力.脘闷纳呆，舌质淡、苔白润，脉细弱。,辨证提要①本证以二目干涩.视物昏矇，面色萎黄，倦怠乏力为辨证要点。②眼底渗出物及沉着之色素较多，难以消退者、多为偏于血虚，血不荣脉，血行滞缓。,理法概要脾胃气虚，血液生化乏源，致气血不能上注于目，目失濡养.神光衰微而成本证。,治当益气健脾，养血明目。,人参养荣汤加减,黄芪:15克;党参:15克;白术:12克;茯苓:9克;肉挂:3克;熟地:20克;当归:12克;白芍:20;丹参:12克;川芎:9克;陈皮:9克;远志:9克;五味子:12克;,TRUE
1736,疳积上目,,肝脾俱虚,临床表现面黄肌瘦，食少腹胀，毛发萎黄，双眼干涩，羞明夜盲。,辨证提要本证以双目夜盲、干涩，发于疳积小儿为辨证要点。,理法概要脾气虚弱，肝血乏源，目失荣养而发病。,故治以健脾消积，养血明目之法。,八珍汤加味,人参:3克;白术:3克;白茯苓:3克;当归:3克;川芎:1.5克;白芍药:3克;熟地黄:3克;夜明砂:1.5克;神曲:3克;麦芽:3克;焦楂:3克;甘草:1.5克;生姜:3片;大枣:2枚;,TRUE
1737,疳积上目,,脾胃积热,临床表现纳差腹胀.烦燥不宁，午后潮热，黑睛混浊生翳、甚则黑睛溃烂，大便不畅，舌红、苔黄，脉数。,辨证提要本证以黑睛混浊生翳为辨证要点。,理法概要本证乃因脾胃积热、邪热上犯目窍而致黑睛混浊生翳。,故当以清脾泻胃，消积导滞之法为治。,肥儿丸加味,神曲:10克;黄连:10克;肉豆蔻:10克;使君子:10克;麦芽:10克;槟榔:10克;木香:10克;蝉蜕:10克;,TRUE
1738,疳积上目,,脾虚湿盛,临床表现食少纳呆，大便溏稀，黑睛腐溃，眵多胶粘，舌淡、苔腻。,辨证提要本证以黑睛溃腐，并发于小儿疳积之后为辨证要点。,理法概要湿邪阻滞气机，滞留黑睛则黑睛腐溃难愈，眵多胶粘。,治当用健脾除湿，消疳明目之法。,参苓白术散加味,人参:3克;白术:3克;白茯苓:6克;炙甘草:1.5克;山药:6克;白扁豆:4.5克;莲子肉:6克;薏苡仁:6克;缩砂仁:3克;桔梗:3克;猪肝:9克;蝉蜕:1.5克;谷精草:1.5克;,TRUE
1739,疳积上目,,脾阳虚表,临床表现胞睑虚浮，黑睛溃烂，欲成蟹睛，伴见畏寒喜暖，四肢不温，肠鸣泄泻；腹痛喜按，口淡不渴，肢体浮肿.舌质淡，脉虚。,辨证提要本证以眼局部结合全身症状为辨证要点。,理法概要脾阳气虚，目失温养，则胞睑虚浮，黑睛溃烂;阳虚不能温煦四肢、血脉，故见畏寒肢冷，舌质淡、脉虚诸证。,治当健脾温中，兼以养血之法。,附子理中汤加味,附子:9克;人参:9克;干姜:9克;炙甘草:9克;黄芪:9克;猪肝:15克;丹参:9克;,TRUE
1740,耳壳流痰,,脾虚痰郁,临床表现耳壳局部肿块，大小不一，肤色不变.按之柔软，无压痛，无热感，舌质淡，苔腻，脉缓兼滑。,辨证提要本证以耳壳出现无红肿、疼痛，质地柔软之局部隆起为辨证要点。,理法概要脾失健运，痰湿内生，痰核郁结于耳部而发病。,治当健脾、化痰、活血散结为主。,六君子汤加味,陈皮:10克;半夏:12克;茯苓:20克;人参:6克;白术:15克;郁金:10克;地龙:12克;当归尾:12克;甘草:6克;,TRUE
1741,耳壳流痰,,痰热互结,临床表现耳壳局部隆起，皮色微红、稍有触痛，按之有波动感，局部抽吸有稀脓性液体，舌质红.苔腻，脉滑数。,辨证提要本证以耳出现局部红肿、疼痛之软性隆起为辨证要点。,理法概要痰湿与邪热结滞于耳壳.久则壅塞成脓而发病。,治当用清热化痰、消肿散结之法。,消痰降火汤加减,川贝:12克;茯苓:15克;橘红:10克;枳壳:10克;天花粉:12克;连翘:12克;黄苓:10克;,TRUE
1742,鼻衄,,胃热炽盛,临床表现鼻衄量多势猛，血色深红，兼见口渴引饮，大便秘结.小便短赤，舌红，苔黄，脉洪数或滑数。,辨证提要本证以鼻腔出血量多、色深红为辨证要点。,理法概要胃火炽热，循经上犯，迫血妄行而发病。,治当用清胃泻火，凉血止血之法。,调胃承气汤;犀角地黄汤,甘草:10克;芒硝:12克;大黄:10克（后下）;水牛角:6克;生地:30克;赤芍:12克;丹皮:9克;,TRUE
1743,鼻衄,,脾不统血,临床表现鼻衄反复发作，色淡量少，兼面色苍白，少气懒言，神疲倦怠，食少便溏.舌淡苔白，脉细弱。,辨证提要本证以鼻腔出血反复，色淡量少为辨证要点。,理法概要脾气虚弱，失却统血之权.血随气脱，溢于脉外而为衄。,治用健脾益气，养血止血之法。,归脾汤加味,炒白术:10克;黄芪:20克;茯神:12克;党参:12克;甘草:6克;木香:3克;远志:6克;炒枣仁:15克;龙眼肉:15克;当归:12克;阿胶:10克;白芨:10克;仙鹤草:12克;,TRUE
1744,慢喉喑,,脾肺气虚,临床表现声嘶日久，语音低微，讲话费力，不能持久，服滋腻、寒凉药或遇劳则加重，伴咳嗽气短，倦怠乏力，易于感冒，痰粘白量少，面色苍白，脘闷纳呆，大便溏薄，舌质淡、苔薄白，脉虚弱。,辨证提要①本证以声嘶日久，服滋腻寒凉药或遇劳加重，语音低微，气短乏力为辨证要点。②辨虚中挟实:偏于肺气虚者，易于感邪.而兼见表证;偏于脾气虚者，易为酒、食所伤，而挟食、挟湿等。③因长期用声过度所致者，全身之兼症多不明显。,理法概要《景岳全书》云:“声音出于脏气，凡脏实则声实，脏虚则声怯，故凡五脏之病，皆能为喑。”脾脉循喉连舌本，脾气虚弱，则土不生金，而肺气亦亏，致声道鼓动无力，喉失荣养，发为本症。,治当补益脾肺，升清降浊以开音。,补中益气汤加减,黄芪:20克;党参:12克;白术:12克;柴胡:6克;升麻:6克;当归:12克;陈皮:9克;炙甘草:9克;石菖蒲:12克;诃子:9克;,TRUE
1745,慢喉喑,,痰温壅遏,临床表现语声嗄哑，重浊不扬，胸闷不舒，咳嗽痰多.色白质粘，形体多肥胖，肢体困重，脘闷纳呆.大便溏薄，舌苔白腻，脉滑。,辨证提要①本证以音哑重浊不扬，咳嗽痰多.脘闷纳呆为辨证要点。②辨体质:素体阳盛者；痰易化热，而兼见咳痰黄稠，咽喉干痛.苔黄，脉数;素体虚弱者，脾气易伤，而兼气短乏力，语声低微等症。③兼胸中窒闷.咽喉梗塞不舒者，为痰气交阻。,理法概要脾为生痰之源，肺为贮痰之器。痰湿中阻，上犯于肺，壅遏气道，肺失宣降，会厌开阖不利，则语声嗄哑，重浊不扬。《古今医统》曰：“痰郁窒塞肺金，而声哑及不出者”，即谓此意。,治当降气化痰，宣肺开音。,苏子降气汤加减,苏子:12克;陈皮:9克;半夏:10克;厚朴:12克;前胡:9克;杏仁:6克;石菖蒲:12克;苍术:12克;甘草:3克;,TRUE
1746,慢喉喑,,痰瘀互结,临床表现久喑不愈，自觉痰滞咽喉或梗阻不适.或喉部微痛，痛处不移，咽干欲饮而不多饮，脘胁胀闷不舒，可查见声带肥厚色暗红，或有小结、息肉，发音时闭合不全，舌质暗红，或有瘀斑瘀点，脉弦滑。,辨证提要①本证以久喑不愈.自觉痰滞咽喉，声带肥厚色暗红为辨证要点。②辨虚实:本证多属实证，尤以长期高歌、多语，损伤声道脉络者为多发。继发于脾肺气虚证者，则属虚实错杂证。,理法概要痰瘀皆为有形之邪；其互结于喉间，阻滞气机，声户开阖不利，则久喑不愈，喉部有痰滞或梗阻感。血络瘀阻，痹塞不通，则喉部微痛，痛处不移。,治宜活血化瘀，祛痰散结。,会厌逐瘀汤;二陈汤加减,桃仁:12克;红花:12克;生地:15克;当归:9克;赤芍:6克;柴胡:6克;桔梗:9克;陈皮:12克;半夏:12克;茯苓:15克;浙贝母:12克;生牡蛎:20克;甘草:3克;,TRUE
1691,瘫痪,,痰瘀互结,临床表现肢体瘫软无力，不能随意运动，或偏身麻木，舌强言謇，手足肿胀或肢凉，形体肥胖，纳呆口腻，舌质淡、苔白或腻，有瘀点瘀斑，脉弦滑。,辨证提要①辨证要点:肢体瘫软，强言赛，肢体肿胀，呕恶苔腻，舌有瘀点，脉弦滑。②辨体质:本证候多见于平素形体肥胖，脾虚痰湿盛者。③辨病势:痰湿阻络，血行不畅，形成痰瘀交阻;痰湿内蕴，郁而化热，可致痰热证;痰湿内停，日久伤阳，湿盛阳微.而导致寒湿证。,理法概要脾失健运，湿邪内生，酿生痰浊;或肝之风阳亢扰，灼津为痰。痰浊湿邪阻滞脉络，血行不畅，因而致瘀。痰湿瘀血互结，阻滞脉络，肢体失养而成瘫痪。,治以健脾除痰，活血通络。,温胆汤;桃红四物汤加减,半夏:15克;茯苓:24克;陈皮:10克;竹茹:10克;枳实:10克;当归:10克;赤芍:10克;川芎:10克;桃仁:12克;红花:6克;胆南星:10克;土元:15克;,TRUE
